serial_number,start_date,end_date,duration,event,smart_5_raw,smart_9_raw,smart_187_raw,smart_197_raw,smart_198_raw,temp_mean,temp_max,temp_std,delta_smart_5_raw,delta_smart_196_raw,slope_smart_5_raw,slope_smart_196_raw,pending_present,age_years,log_age,health_risk_score
2051E4E09F71,2025-01-01,2025-03-31,89,0,0.0,10582.111111111111,0.0,1.0,0.0,45.955555555555556,55.0,2.5901999541481473,0.0,0.0,0.0,0.0,1,0.24383561643835616,4.499809670330265,10.0
2102E4E5E64F,2025-01-01,2025-03-31,89,0,0.0,8669.222222222223,0.0,1.0,0.0,43.8,51.0,2.0933757957477392,0.0,0.0,0.0,0.0,1,0.24383561643835616,4.499809670330265,6.0
2102E4E70D29,2025-01-01,2025-03-31,89,0,0.0,8166.211111111111,0.0,1.0,0.0,42.17777777777778,50.0,1.9864976313869749,0.0,0.0,0.0,0.0,1,0.24383561643835616,4.499809670330265,5.0
2103E4E8B025,2025-01-01,2025-03-31,89,0,0.0,13199.655555555555,0.0,1.0,0.0,41.94444444444444,50.0,2.267456289477594,0.0,0.0,0.0,0.0,1,0.24383561643835616,4.499809670330265,5.0
2107E4F8AC95,2025-01-01,2025-03-31,89,0,0.0,12739.422222222222,0.0,1.0,0.0,37.7,46.0,3.4623370398876014,0.0,0.0,0.0,0.0,1,0.24383561643835616,4.499809670330265,5.0
2107E4F8B157,2025-01-01,2025-03-31,89,0,0.0,11040.633333333333,0.0,1.0,0.0,40.388888888888886,48.0,3.3753829229501577,0.0,0.0,0.0,0.0,1,0.24383561643835616,4.499809670330265,5.0
2107E4F8D8A6,2025-01-01,2025-03-31,89,0,0.0,12866.577777777778,0.0,1.0,0.0,40.41111111111111,51.0,2.5161453961011486,0.0,0.0,0.0,0.0,1,0.24383561643835616,4.499809670330265,6.0
2110E5867FA6,2025-01-01,2025-03-31,89,0,0.0,9413.18888888889,0.0,0.0,0.0,41.422222222222224,47.0,1.813393245197619,0.0,0.0,0.0,0.0,0,0.24383561643835616,4.499809670330265,0.0
2111E58A0B05,2025-01-01,2025-03-31,89,0,0.0,12840.955555555556,0.0,1.0,0.0,41.87777777777778,49.0,2.5812476646328477,0.0,0.0,0.0,0.0,1,0.24383561643835616,4.499809670330265,5.0
2111E58A4B87,2025-01-01,2025-03-31,89,0,0.0,10105.894117647058,0.0,1.0,0.0,39.71764705882353,50.0,1.6564438500515537,0.0,0.0,0.0,0.0,1,0.24383561643835616,4.499809670330265,5.0
2111E58A7274,2025-01-01,2025-03-31,89,0,0.0,11141.855555555556,0.0,1.0,0.0,42.84444444444444,51.0,3.483009908784604,0.0,0.0,0.0,0.0,1,0.24383561643835616,4.499809670330265,6.0
2128E5B74358,2025-01-01,2025-03-31,89,0,0.0,10611.666666666666,0.0,1.0,0.0,45.111111111111114,55.0,2.8458329944145335,0.0,0.0,0.0,0.0,1,0.24383561643835616,4.499809670330265,10.0
2128E5B7435B,2025-01-01,2025-03-31,89,0,0.0,12973.133333333333,0.0,1.0,0.0,44.18888888888889,49.0,2.2602578242533764,0.0,0.0,0.0,0.0,1,0.24383561643835616,4.499809670330265,5.0
2128E5B7435C,2025-01-01,2025-03-31,89,0,0.0,10952.4,0.0,1.0,0.0,38.733333333333334,47.0,3.154538177152244,0.0,0.0,0.0,0.0,1,0.24383561643835616,4.499809670330265,5.0
2128E5B7435D,2025-01-01,2025-03-31,89,0,0.0,11036.866666666667,0.0,1.0,0.0,42.644444444444446,55.0,3.8248053287022215,0.0,0.0,0.0,0.0,1,0.24383561643835616,4.499809670330265,10.0
2128E5B7435E,2025-01-01,2025-03-31,89,0,0.0,9223.511111111111,0.0,1.0,0.0,37.74444444444445,45.0,1.6704032188606968,0.0,0.0,0.0,0.0,1,0.24383561643835616,4.499809670330265,5.0
2128E5B7435F,2025-01-01,2025-03-31,89,0,0.0,12934.366666666667,0.0,1.0,0.0,44.3,51.0,1.911660127858665,0.0,0.0,0.0,0.0,1,0.24383561643835616,4.499809670330265,6.0
2128E5B74361,2025-01-01,2025-03-31,89,0,0.0,9277.865168539325,0.0,1.0,0.0,36.59550561797753,44.0,1.7007539710942836,0.0,0.0,0.0,0.0,1,0.24383561643835616,4.499809670330265,5.0
2128E5B74365,2025-01-01,2025-03-31,89,0,0.0,10277.744444444445,0.0,1.0,0.0,45.63333333333333,54.0,1.9058389811896561,0.0,0.0,0.0,0.0,1,0.24383561643835616,4.499809670330265,9.0
2128E5B74366,2025-01-01,2025-03-31,89,0,0.0,7238.111111111111,0.0,1.0,0.0,46.955555555555556,53.0,1.902694645385881,0.0,0.0,0.0,0.0,1,0.24383561643835616,4.499809670330265,8.0
2128E5B74367,2025-01-01,2025-03-31,89,0,0.0,11173.055555555555,0.0,1.0,0.0,42.13333333333333,50.0,2.8643401411921317,0.0,0.0,0.0,0.0,1,0.24383561643835616,4.499809670330265,5.0
2128E5B74368,2025-01-01,2025-03-31,89,0,0.0,12782.955555555556,0.0,1.0,0.0,43.58888888888889,52.0,2.8240807528761276,0.0,0.0,0.0,0.0,1,0.24383561643835616,4.499809670330265,7.0
2128E5B7436C,2025-01-01,2025-03-31,89,0,0.0,7217.166666666667,0.0,0.0,0.0,46.544444444444444,50.0,2.006440248085068,0.0,0.0,0.0,0.0,0,0.24383561643835616,4.499809670330265,0.0
2128E5B7436F,2025-01-01,2025-03-31,89,0,0.0,12368.6,0.0,1.0,0.0,44.41111111111111,48.0,1.8492908216961816,0.0,0.0,0.0,0.0,1,0.24383561643835616,4.499809670330265,5.0
2128E5B74370,2025-01-01,2025-03-31,89,0,0.0,8647.222222222223,0.0,1.0,0.0,41.63333333333333,47.0,1.9745604292826555,0.0,0.0,0.0,0.0,1,0.24383561643835616,4.499809670330265,5.0
2128E5B74373,2025-01-01,2025-03-31,89,0,0.0,10443.044444444444,0.0,1.0,0.0,47.22222222222222,52.0,0.9975278083318205,0.0,0.0,0.0,0.0,1,0.24383561643835616,4.499809670330265,7.0
2128E5B74374,2025-01-01,2025-03-31,89,0,0.0,9140.4,0.0,1.0,0.0,34.65555555555556,43.0,2.548032404778708,0.0,0.0,0.0,0.0,1,0.24383561643835616,4.499809670330265,5.0
2128E5B74378,2025-01-01,2025-03-31,89,0,0.0,8641.711111111112,0.0,1.0,0.0,36.22222222222222,43.0,1.331480193684039,0.0,0.0,0.0,0.0,1,0.24383561643835616,4.499809670330265,5.0
2128E5B74379,2025-01-01,2025-03-31,89,0,0.0,11194.766666666666,0.0,1.0,0.0,34.111111111111114,40.0,1.6016966313148422,0.0,0.0,0.0,0.0,1,0.24383561643835616,4.499809670330265,5.0
2128E5B7437B,2025-01-01,2025-03-31,89,0,10.0,13332.955555555556,0.0,1.0,0.0,44.5,53.0,2.5440562537456146,0.0,0.0,0.0,0.0,1,0.24383561643835616,4.499809670330265,108.0
2128E5B74380,2025-01-01,2025-03-31,89,0,0.0,11751.655555555555,0.0,1.0,0.0,42.91111111111111,55.0,3.472573315582934,0.0,0.0,0.0,0.0,1,0.24383561643835616,4.499809670330265,10.0
2128E5B74383,2025-01-01,2025-03-31,89,0,0.28888888888888886,8519.788888888888,0.0,1.0,0.0,38.72222222222222,46.0,2.1135950299471347,2.0,2.0,0.02247191011235955,0.02247191011235955,1,0.24383561643835616,4.499809670330265,7.888888888888888
2128E5B74387,2025-01-01,2025-03-31,89,0,0.0,7462.866666666667,0.0,1.0,0.0,40.87777777777778,57.0,2.4622833927419583,0.0,0.0,0.0,0.0,1,0.24383561643835616,4.499809670330265,12.0
2128E5B74388,2025-01-01,2025-03-31,89,0,0.0,8465.477777777778,0.0,1.0,0.0,33.333333333333336,41.0,2.2310934040908386,0.0,0.0,0.0,0.0,1,0.24383561643835616,4.499809670330265,5.0
2128E5B7438A,2025-01-01,2025-03-31,89,0,0.0,9857.233333333334,0.0,1.0,0.0,42.0,50.0,1.8378731669453519,0.0,0.0,0.0,0.0,1,0.24383561643835616,4.499809670330265,5.0
2128E5B7438C,2025-01-01,2025-03-31,89,0,0.0,10949.711111111112,0.0,1.0,0.0,44.06666666666667,54.0,3.635626187849578,0.0,0.0,0.0,0.0,1,0.24383561643835616,4.499809670330265,9.0
2128E5B7438D,2025-01-01,2025-03-31,89,0,0.0,13011.477777777778,0.0,1.0,0.0,42.51111111111111,49.0,2.2422431449304274,0.0,0.0,0.0,0.0,1,0.24383561643835616,4.499809670330265,5.0
2128E5B7438E,2025-01-01,2025-03-31,89,0,0.0,11574.511111111111,0.0,1.0,0.0,43.166666666666664,53.0,3.3274948868815013,0.0,0.0,0.0,0.0,1,0.24383561643835616,4.499809670330265,8.0
2128E5B74398,2025-01-01,2025-03-31,89,0,0.0,9836.966666666667,0.0,1.0,0.0,39.18888888888889,46.0,1.5909078082405732,0.0,0.0,0.0,0.0,1,0.24383561643835616,4.499809670330265,5.0
2128E5B74399,2025-01-01,2025-03-31,89,0,0.0,11190.477777777778,0.0,1.0,0.0,43.477777777777774,53.0,3.300598524098988,0.0,0.0,0.0,0.0,1,0.24383561643835616,4.499809670330265,8.0
2128E5B743B1,2025-01-01,2025-03-31,89,0,0.0,11748.2,0.0,1.0,0.0,42.62222222222222,48.0,1.8413628876326524,0.0,0.0,0.0,0.0,1,0.24383561643835616,4.499809670330265,5.0
2128E5B743B4,2025-01-01,2025-03-31,89,0,0.0,10514.193181818182,0.0,1.0,0.0,44.72727272727273,55.0,2.2448287681574235,0.0,0.0,0.0,0.0,1,0.24383561643835616,4.499809670330265,10.0
2133E5C0B57D,2025-01-01,2025-03-31,89,0,0.0,16126.255555555555,0.0,0.0,0.0,36.5,38.0,0.7490735018081546,0.0,0.0,0.0,0.0,0,0.24383561643835616,4.499809670330265,0.0
2140E5D8CE92,2025-01-01,2025-03-31,89,0,0.0,27313.32222222222,0.0,0.0,0.0,27.766666666666666,30.0,1.2297244497131254,0.0,0.0,0.0,0.0,0,0.24383561643835616,4.499809670330265,0.0
2140E5D8CE93,2025-01-01,2025-03-31,89,0,0.0,27237.855555555554,0.0,0.0,0.0,27.833333333333332,32.0,1.3844373104863732,0.0,0.0,0.0,0.0,0,0.24383561643835616,4.499809670330265,0.0
2140E5D8CE94,2025-01-01,2025-03-31,89,0,0.0,28171.477777777778,0.0,0.0,0.0,38.43333333333333,43.0,2.005824851110769,0.0,0.0,0.0,0.0,0,0.24383561643835616,4.499809670330265,0.0
2140E5D8CE96,2025-01-01,2025-03-31,89,0,0.0,28362.38888888889,0.0,0.0,0.0,38.63333333333333,41.0,2.2776693741141805,0.0,0.0,0.0,0.0,0,0.24383561643835616,4.499809670330265,0.0
2140E5D8CE97,2025-01-01,2025-03-31,89,0,0.0,25928.433333333334,0.0,0.0,0.0,33.27777777777778,41.0,3.158859772406557,0.0,0.0,0.0,0.0,0,0.24383561643835616,4.499809670330265,0.0
2140E5D8CE98,2025-01-01,2025-03-31,89,0,0.0,26656.588888888888,0.0,0.0,0.0,27.31111111111111,33.0,1.1415821812481535,0.0,0.0,0.0,0.0,0,0.24383561643835616,4.499809670330265,0.0
2140E5D8CE99,2025-01-01,2025-03-31,89,0,0.0,27431.088888888888,0.0,0.0,0.0,32.08888888888889,37.0,1.4192677646076517,0.0,0.0,0.0,0.0,0,0.24383561643835616,4.499809670330265,0.0
2140E5D8CE9A,2025-01-01,2025-03-31,89,0,0.0,27677.733333333334,0.0,0.0,0.0,34.0,41.0,3.022140521771521,0.0,0.0,0.0,0.0,0,0.24383561643835616,4.499809670330265,0.0
2140E5D8CE9B,2025-01-01,2025-03-31,89,0,0.0,27378.28888888889,0.0,0.0,0.0,26.18888888888889,30.0,0.6479788138587963,0.0,0.0,0.0,0.0,0,0.24383561643835616,4.499809670330265,0.0
2140E5D8CE9C,2025-01-01,2025-03-31,89,0,0.0,26018.455555555556,0.0,0.0,0.0,32.86666666666667,42.0,4.784697830932817,0.0,0.0,0.0,0.0,0,0.24383561643835616,4.499809670330265,0.0
2140E5D8CE9D,2025-01-01,2025-03-31,89,0,0.0,27590.411111111112,0.0,1.0,0.0,34.644444444444446,36.0,0.5833068777068646,0.0,0.0,0.0,0.0,1,0.24383561643835616,4.499809670330265,5.0
2140E5D8CE9F,2025-01-01,2025-03-31,89,0,0.0,25538.155555555557,0.0,0.0,0.0,39.9,43.0,0.7000000000000065,0.0,0.0,0.0,0.0,0,0.24383561643835616,4.499809670330265,0.0
2140E5D8CEA0,2025-01-01,2025-03-31,89,0,0.0,28468.922222222223,0.0,0.0,0.0,38.422222222222224,42.0,1.490546341131841,0.0,0.0,0.0,0.0,0,0.24383561643835616,4.499809670330265,0.0
2140E5D8CEA1,2025-01-01,2025-03-31,89,0,0.0,28327.344444444443,0.0,0.0,0.0,37.17777777777778,40.0,1.362822053907747,0.0,0.0,0.0,0.0,0,0.24383561643835616,4.499809670330265,0.0
2140E5D8CEA3,2025-01-01,2025-03-31,89,0,0.0,27508.088888888888,0.0,0.0,0.0,34.9,43.0,2.8442925306655638,0.0,0.0,0.0,0.0,0,0.24383561643835616,4.499809670330265,0.0
2140E5D8CEA4,2025-01-01,2025-03-31,89,0,0.0,27734.977777777778,0.0,0.0,0.0,34.15555555555556,39.0,2.7443319815013947,0.0,0.0,0.0,0.0,0,0.24383561643835616,4.499809670330265,0.0
2140E5D8CEA5,2025-01-01,2025-03-31,89,0,0.0,28291.266666666666,0.0,0.0,0.0,39.94444444444444,43.0,1.409185037223974,0.0,0.0,0.0,0.0,0,0.24383561643835616,4.499809670330265,0.0
2140E5D8CF20,2025-01-01,2025-03-31,89,0,0.0,25611.966666666667,0.0,0.0,0.0,37.455555555555556,41.0,0.7327438708354007,0.0,0.0,0.0,0.0,0,0.24383561643835616,4.499809670330265,0.0
2140E5D8CF24,2025-01-01,2025-03-31,89,0,0.0,26204.62222222222,0.0,0.0,0.0,36.71111111111111,42.0,0.9456854591535759,0.0,0.0,0.0,0.0,0,0.24383561643835616,4.499809670330265,0.0
2140E5D8CF32,2025-01-01,2025-03-31,89,0,0.0,26195.43181818182,0.0,0.0,0.0,33.21590909090909,35.0,0.5319104426575668,0.0,0.0,0.0,0.0,0,0.24383561643835616,4.499809670330265,0.0
2140E5D8CF34,2025-01-01,2025-03-31,89,0,0.0,27446.933333333334,0.0,0.0,0.0,34.91111111111111,36.0,0.41216082202186427,0.0,0.0,0.0,0.0,0,0.24383561643835616,4.499809670330265,0.0
2140E5D8CF3D,2025-01-01,2025-03-31,89,0,0.0,27649.444444444445,0.0,0.0,0.0,35.58888888888889,37.0,0.5352973097975805,0.0,0.0,0.0,0.0,0,0.24383561643835616,4.499809670330265,0.0
2140E5D8CF44,2025-01-01,2025-03-31,89,0,0.0,25058.777777777777,0.0,0.0,0.0,33.86666666666667,36.0,0.7333333333332066,0.0,0.0,0.0,0.0,0,0.24383561643835616,4.499809670330265,0.0
2140E5D8CF50,2025-01-01,2025-03-31,89,0,0.0,13513.566666666668,0.0,0.0,0.0,33.84444444444444,40.0,2.054323955363532,0.0,0.0,0.0,0.0,0,0.24383561643835616,4.499809670330265,0.0
2140E5D8D7DA,2025-01-01,2025-03-31,89,0,0.0,25931.1,0.0,0.0,0.0,35.388888888888886,41.0,2.219581764629685,0.0,0.0,0.0,0.0,0,0.24383561643835616,4.499809670330265,0.0
2140E5D8D7DB,2025-01-01,2025-03-31,89,0,0.0,27700.911111111112,0.0,0.0,0.0,35.5,38.0,1.9507833184532968,0.0,0.0,0.0,0.0,0,0.24383561643835616,4.499809670330265,0.0
2140E5D8D7DC,2025-01-01,2025-03-31,89,0,0.0,27596.81111111111,0.0,0.0,0.0,33.48888888888889,35.0,0.7187094057242781,0.0,0.0,0.0,0.0,0,0.24383561643835616,4.499809670330265,0.0
2140E5D8D7DD,2025-01-01,2025-03-31,89,0,0.0,27301.133333333335,0.0,0.0,0.0,26.133333333333333,28.0,0.45215533220835513,0.0,0.0,0.0,0.0,0,0.24383561643835616,4.499809670330265,0.0
2140E5D8D7DE,2025-01-01,2025-03-31,89,0,0.0,24292.366666666665,0.0,0.0,0.0,35.766666666666666,43.0,1.757839583124736,0.0,0.0,0.0,0.0,0,0.24383561643835616,4.499809670330265,0.0
2140E5D8D7E1,2025-01-01,2025-03-31,89,0,0.0,21919.155555555557,0.0,0.0,0.0,38.666666666666664,41.0,1.0540925533895555,0.0,0.0,0.0,0.0,0,0.24383561643835616,4.499809670330265,0.0
2140E5D8D7E2,2025-01-01,2025-03-31,89,0,0.0,27712.144444444446,0.0,0.0,0.0,33.44444444444444,41.0,3.893330796549164,0.0,0.0,0.0,0.0,0,0.24383561643835616,4.499809670330265,0.0
2140E5D8D7E4,2025-01-01,2025-03-31,89,0,0.0,26990.32222222222,0.0,0.0,0.0,26.11111111111111,27.0,0.3142696805274795,0.0,0.0,0.0,0.0,0,0.24383561643835616,4.499809670330265,0.0
2140E5D8D7E5,2025-01-01,2025-03-13,71,0,0.0,25886.625,0.0,0.0,0.0,27.22222222222222,34.0,2.6678238230095555,0.0,0.0,0.0,0.0,0,0.19452054794520549,4.276666119016055,0.0
2140E5D8D7E8,2025-01-01,2025-03-31,89,0,0.0,26029.62222222222,0.0,0.0,0.0,39.31111111111111,42.0,0.7978365809341305,0.0,0.0,0.0,0.0,0,0.24383561643835616,4.499809670330265,0.0
2140E5D8D7E9,2025-01-01,2025-03-31,89,0,0.0,26045.8,0.0,0.0,0.0,36.077777777777776,42.0,2.6213981756043974,0.0,0.0,0.0,0.0,0,0.24383561643835616,4.499809670330265,0.0
2140E5D8D7EA,2025-01-01,2025-03-31,89,0,0.0,27722.4,0.0,0.0,0.0,33.53333333333333,42.0,3.537733109712446,0.0,0.0,0.0,0.0,0,0.24383561643835616,4.499809670330265,0.0
2140E5D8D7EB,2025-01-01,2025-03-31,89,0,0.0,26007.966666666667,0.0,0.0,0.0,34.24444444444445,40.0,2.655439328000383,0.0,0.0,0.0,0.0,0,0.24383561643835616,4.499809670330265,0.0
2140E5D8D7EC,2025-01-01,2025-03-31,89,0,0.0,26030.466666666667,0.0,0.0,0.0,36.34444444444444,42.0,2.295701834642387,0.0,0.0,0.0,0.0,0,0.24383561643835616,4.499809670330265,0.0
2140E5D8D7ED,2025-01-01,2025-03-31,89,0,0.0,27692.266666666666,0.0,0.0,0.0,34.855555555555554,38.0,2.3120991477736923,0.0,0.0,0.0,0.0,0,0.24383561643835616,4.499809670330265,0.0
2140E5D8D865,2025-01-01,2025-03-31,89,0,0.0,24669.066666666666,0.0,0.0,0.0,34.144444444444446,37.0,0.5880497165509102,0.0,0.0,0.0,0.0,0,0.24383561643835616,4.499809670330265,0.0
2140E5D8D86A,2025-01-01,2025-03-31,89,0,0.0,25998.933333333334,0.0,0.0,0.0,35.71111111111111,42.0,2.02344285505041,0.0,0.0,0.0,0.0,0,0.24383561643835616,4.499809670330265,0.0
2140E5D8D870,2025-01-01,2025-03-31,89,0,0.0,25875.733333333334,0.0,0.0,0.0,35.43333333333333,41.0,2.5212430796467835,0.0,0.0,0.0,0.0,0,0.24383561643835616,4.499809670330265,0.0
2140E5D8D872,2025-01-01,2025-03-31,89,0,0.0,26086.722222222223,0.0,0.0,0.0,37.922222222222224,42.0,1.2222727262292454,0.0,0.0,0.0,0.0,0,0.24383561643835616,4.499809670330265,0.0
2140E5D8E107,2025-01-01,2025-03-31,89,0,0.0,25185.744444444445,0.0,0.0,0.0,35.75555555555555,37.0,0.5833068777070596,0.0,0.0,0.0,0.0,0,0.24383561643835616,4.499809670330265,0.0
2140E5D8E115,2025-01-01,2025-03-31,89,0,0.0,25393.144444444446,0.0,0.0,0.0,37.18888888888889,39.0,0.6649050800167589,0.0,0.0,0.0,0.0,0,0.24383561643835616,4.499809670330265,0.0
2140E5D8E119,2025-01-01,2025-03-31,89,0,0.0,23730.477777777778,0.0,0.0,0.0,31.9,36.0,1.915144322963136,0.0,0.0,0.0,0.0,0,0.24383561643835616,4.499809670330265,0.0
2140E5D8E11A,2025-01-01,2025-03-31,89,0,0.0,20299.6,0.0,1.0,0.0,38.93333333333333,41.0,0.48989794855687696,0.0,0.0,0.0,0.0,1,0.24383561643835616,4.499809670330265,5.0
2140E5D8E172,2025-01-01,2025-03-31,89,0,0.0,25848.855555555554,0.0,0.0,0.0,33.05555555555556,37.0,1.3691936890099297,0.0,0.0,0.0,0.0,0,0.24383561643835616,4.499809670330265,0.0
2140E5D8E1AF,2025-01-01,2025-03-31,89,0,0.0,25316.133333333335,0.0,0.0,0.0,35.94444444444444,37.0,0.6387681045247566,0.0,0.0,0.0,0.0,0,0.24383561643835616,4.499809670330265,0.0
2140E5D8E1CA,2025-01-01,2025-03-31,89,0,0.0,26103.411111111112,0.0,0.0,0.0,35.833333333333336,42.0,2.207311084152398,0.0,0.0,0.0,0.0,0,0.24383561643835616,4.499809670330265,0.0
2140E5D8E1CB,2025-01-01,2025-03-31,89,0,0.0,25936.455555555556,0.0,0.0,0.0,35.28888888888889,41.0,2.7778666652444577,0.0,0.0,0.0,0.0,0,0.24383561643835616,4.499809670330265,0.0
2140E5D8E1CC,2025-01-01,2025-03-31,89,0,0.0,25940.266666666666,0.0,0.0,0.0,36.86666666666667,41.0,1.3515423288476112,0.0,0.0,0.0,0.0,0,0.24383561643835616,4.499809670330265,0.0
2140E5D8E1CD,2025-01-01,2025-03-31,89,0,0.0,24682.044444444444,0.0,0.0,0.0,30.08888888888889,32.0,0.3842581436843289,0.0,0.0,0.0,0.0,0,0.24383561643835616,4.499809670330265,0.0
2140E5D8E1CE,2025-01-01,2025-03-31,89,0,0.0,26543.833333333332,0.0,0.0,0.0,33.13333333333333,39.0,1.1274356350192092,0.0,0.0,0.0,0.0,0,0.24383561643835616,4.499809670330265,0.0
2140E5D8E1CF,2025-01-01,2025-03-31,89,0,0.0,26082.633333333335,0.0,0.0,0.0,32.888888888888886,42.0,4.817662975261984,0.0,0.0,0.0,0.0,0,0.24383561643835616,4.499809670330265,0.0
2140E5D8E1D0,2025-01-01,2025-03-31,89,0,0.0,26097.18888888889,0.0,0.0,0.0,35.82222222222222,41.0,1.8473872106769493,0.0,0.0,0.0,0.0,0,0.24383561643835616,4.499809670330265,0.0
2140E5D8E1D3,2025-01-01,2025-03-31,89,0,0.0,25966.68888888889,0.0,0.0,0.0,35.9,42.0,1.9891371663781023,0.0,0.0,0.0,0.0,0,0.24383561643835616,4.499809670330265,0.0
2140E5D8E1D4,2025-01-01,2025-03-31,89,0,0.0,26050.81111111111,0.0,0.0,0.0,35.955555555555556,42.0,2.4806410959495198,0.0,0.0,0.0,0.0,0,0.24383561643835616,4.499809670330265,0.0
2140E5D8E1D6,2025-01-01,2025-03-31,89,0,0.0,26063.355555555554,0.0,0.0,0.0,35.233333333333334,41.0,2.50355303075002,0.0,0.0,0.0,0.0,0,0.24383561643835616,4.499809670330265,0.0
2140E5D8E1D7,2025-01-01,2025-03-31,89,0,0.0,26237.67777777778,0.0,0.0,0.0,36.81111111111111,43.0,2.1545530314736134,0.0,0.0,0.0,0.0,0,0.24383561643835616,4.499809670330265,0.0
2140E5D8E1DA,2025-01-01,2025-03-31,89,0,0.0,26076.966666666667,0.0,0.0,0.0,36.58888888888889,42.0,2.1233853706048507,0.0,0.0,0.0,0.0,0,0.24383561643835616,4.499809670330265,0.0
2140E5D8E1DB,2025-01-01,2025-03-31,89,0,0.0,25975.333333333332,0.0,0.0,0.0,41.21111111111111,43.0,0.45933392463557027,0.0,0.0,0.0,0.0,0,0.24383561643835616,4.499809670330265,0.0
2140E5D8E1DC,2025-01-01,2025-03-31,89,0,0.0,22901.62222222222,0.0,0.0,0.0,34.82222222222222,41.0,3.164307113124873,0.0,0.0,0.0,0.0,0,0.24383561643835616,4.499809670330265,0.0
2140E5D8E1DD,2025-01-01,2025-03-31,89,0,0.0,26199.21111111111,0.0,0.0,0.0,35.6,41.0,2.9694743268426427,0.0,0.0,0.0,0.0,0,0.24383561643835616,4.499809670330265,0.0
2140E5D8E1E3,2025-01-01,2025-03-31,89,0,0.0,25217.522222222222,0.0,0.0,0.0,35.5,37.0,0.7340905181847657,0.0,0.0,0.0,0.0,0,0.24383561643835616,4.499809670330265,0.0
2140E5D8E1F0,2025-01-01,2025-03-31,89,0,0.0,27163.722222222223,0.0,0.0,0.0,34.111111111111114,36.0,0.5258737584975205,0.0,0.0,0.0,0.0,0,0.24383561643835616,4.499809670330265,0.0
2140E5D8E1F1,2025-01-01,2025-03-31,89,0,0.0,27361.166666666668,0.0,0.0,0.0,39.0,40.0,0.33333333333329546,0.0,0.0,0.0,0.0,0,0.24383561643835616,4.499809670330265,0.0
2140E5D8E1F3,2025-01-01,2025-03-31,89,0,0.0,28415.71111111111,0.0,0.0,0.0,37.522222222222226,40.0,2.7456137859735708,0.0,0.0,0.0,0.0,0,0.24383561643835616,4.499809670330265,0.0
2140E5D8E1F4,2025-01-01,2025-03-31,89,0,0.0,27400.62222222222,0.0,0.0,0.0,27.533333333333335,33.0,1.5070206073942898,0.0,0.0,0.0,0.0,0,0.24383561643835616,4.499809670330265,0.0
2140E5D8E1F5,2025-01-01,2025-03-31,89,0,0.0,26721.3,0.0,0.0,0.0,30.333333333333332,35.0,1.154700538379268,0.0,0.0,0.0,0.0,0,0.24383561643835616,4.499809670330265,0.0
2140E5D8E1F6,2025-01-01,2025-03-31,89,0,0.0,26348.066666666666,0.0,0.0,0.0,38.8,43.0,1.2036980056846016,0.0,0.0,0.0,0.0,0,0.24383561643835616,4.499809670330265,0.0
2140E5D8E1F7,2025-01-01,2025-03-31,89,0,0.0,27116.01111111111,0.0,0.0,0.0,26.533333333333335,30.0,1.1661903789690171,0.0,0.0,0.0,0.0,0,0.24383561643835616,4.499809670330265,0.0
2140E5D8E1F8,2025-01-01,2025-03-31,89,0,0.0,24507.333333333332,0.0,0.0,0.0,35.13333333333333,41.0,2.251912767207274,0.0,0.0,0.0,0.0,0,0.24383561643835616,4.499809670330265,0.0
2140E5D8E1F9,2025-01-01,2025-03-31,89,0,0.0,27648.266666666666,0.0,0.0,0.0,35.32222222222222,43.0,2.9583320292120217,0.0,0.0,0.0,0.0,0,0.24383561643835616,4.499809670330265,0.0
2140E5D8E1FA,2025-01-01,2025-03-31,89,0,0.0,27779.744444444445,0.0,0.0,0.0,33.84444444444444,42.0,3.4088483265731155,0.0,0.0,0.0,0.0,0,0.24383561643835616,4.499809670330265,0.0
2140E5D8E1FB,2025-01-01,2025-03-31,89,0,0.0,26023.01111111111,0.0,0.0,0.0,32.855555555555554,42.0,4.466072376164091,0.0,0.0,0.0,0.0,0,0.24383561643835616,4.499809670330265,0.0
2140E5D8E1FC,2025-01-01,2025-03-31,89,0,0.0,27161.51111111111,0.0,0.0,0.0,27.488888888888887,31.0,1.046097981861375,0.0,0.0,0.0,0.0,0,0.24383561643835616,4.499809670330265,0.0
2140E5D8E1FD,2025-01-01,2025-03-31,89,0,0.0,28235.955555555556,0.0,0.0,0.0,35.06666666666667,39.0,2.1176506899024465,0.0,0.0,0.0,0.0,0,0.24383561643835616,4.499809670330265,0.0
2140E5D8E1FE,2025-01-01,2025-03-31,89,0,0.0,27206.0,0.0,0.0,0.0,27.7,29.0,0.7371114795832497,0.0,0.0,0.0,0.0,0,0.24383561643835616,4.499809670330265,0.0
2140E5D8E1FF,2025-01-01,2025-03-31,89,0,0.0,27525.666666666668,0.0,0.0,0.0,36.44444444444444,43.0,2.9631481423615007,0.0,0.0,0.0,0.0,0,0.24383561643835616,4.499809670330265,0.0
2140E5D8E200,2025-01-01,2025-03-31,89,0,0.0,28014.18888888889,0.0,0.0,0.0,36.44444444444444,38.0,1.8505921641530858,0.0,0.0,0.0,0.0,0,0.24383561643835616,4.499809670330265,0.0
2140E5D8E201,2025-01-01,2025-03-31,89,0,0.0,27625.5,0.0,0.0,0.0,33.82222222222222,41.0,3.305140029905497,0.0,0.0,0.0,0.0,0,0.24383561643835616,4.499809670330265,0.0
2140E5D8E202,2025-01-01,2025-03-31,89,0,0.0,28212.577777777777,0.0,0.0,0.0,35.077777777777776,39.0,2.48653162179233,0.0,0.0,0.0,0.0,0,0.24383561643835616,4.499809670330265,0.0
2140E5D8E203,2025-01-01,2025-03-31,89,0,0.0,23941.833333333332,0.0,0.0,0.0,32.266666666666666,35.0,1.245436112817972,0.0,0.0,0.0,0.0,0,0.24383561643835616,4.499809670330265,0.0
2140E5D8E204,2025-01-01,2025-03-31,89,0,0.0,27250.222222222223,0.0,0.0,0.0,29.42222222222222,34.0,1.4140389573274048,0.0,0.0,0.0,0.0,0,0.24383561643835616,4.499809670330265,0.0
2140E5D8E209,2025-01-01,2025-03-31,89,0,0.0,27184.466666666667,0.0,0.0,0.0,27.366666666666667,33.0,1.1780398031381318,0.0,0.0,0.0,0.0,0,0.24383561643835616,4.499809670330265,0.0
2140E5D8E20A,2025-01-01,2025-03-31,89,0,0.0,27586.6,0.0,0.0,0.0,34.833333333333336,43.0,3.0595932917809288,0.0,0.0,0.0,0.0,0,0.24383561643835616,4.499809670330265,0.0
2140E5D8E20B,2025-01-01,2025-03-31,89,0,0.0,27527.588888888888,0.0,0.0,0.0,33.1,35.0,0.7310570733152518,0.0,0.0,0.0,0.0,0,0.24383561643835616,4.499809670330265,0.0
2140E5D8E27A,2025-01-01,2025-03-31,89,0,0.0,26157.01111111111,0.0,0.0,0.0,39.15555555555556,43.0,1.4213539015952246,0.0,0.0,0.0,0.0,0,0.24383561643835616,4.499809670330265,0.0
2140E5D8E294,2025-01-01,2025-03-31,89,0,0.0,26035.67777777778,0.0,0.0,0.0,35.077777777777776,42.0,2.2371995280696972,0.0,0.0,0.0,0.0,0,0.24383561643835616,4.499809670330265,0.0
2140E5D8E298,2025-01-01,2025-03-31,89,0,0.0,27213.9,0.0,0.0,0.0,26.155555555555555,30.0,0.5756370598662319,0.0,0.0,0.0,0.0,0,0.24383561643835616,4.499809670330265,0.0
2140E5D8E29A,2025-01-01,2025-03-31,89,0,0.0,26153.544444444444,0.0,0.0,0.0,39.1,43.0,1.4146063449281423,0.0,0.0,0.0,0.0,0,0.24383561643835616,4.499809670330265,0.0
2140E5D8E29B,2025-01-01,2025-03-31,89,0,0.0,22860.61111111111,0.0,0.0,0.0,37.233333333333334,41.0,1.085766498326817,0.0,0.0,0.0,0.0,0,0.24383561643835616,4.499809670330265,0.0
2140E5D8E29C,2025-01-01,2025-03-31,89,0,0.0,26053.977777777778,0.0,0.0,0.0,40.666666666666664,43.0,0.7149203529842865,0.0,0.0,0.0,0.0,0,0.24383561643835616,4.499809670330265,0.0
2140E5D8E29E,2025-01-01,2025-03-31,89,0,0.0,22405.566666666666,0.0,0.0,0.0,37.77777777777778,45.0,2.3700810008557345,0.0,0.0,0.0,0.0,0,0.24383561643835616,4.499809670330265,0.0
2140E5D8E2A0,2025-01-01,2025-03-31,89,0,0.0,26070.61111111111,0.0,0.0,0.0,34.233333333333334,42.0,2.820756399738637,0.0,0.0,0.0,0.0,0,0.24383561643835616,4.499809670330265,0.0
2140E5D8E2A1,2025-01-01,2025-03-31,89,0,0.0,23521.62222222222,0.0,0.0,0.0,34.044444444444444,40.0,3.6663972965027143,0.0,0.0,0.0,0.0,0,0.24383561643835616,4.499809670330265,0.0
2140E5D8E2A2,2025-01-01,2025-03-31,89,0,0.0,23712.533333333333,0.0,0.0,0.0,35.96666666666667,41.0,1.810156530984659,0.0,0.0,0.0,0.0,0,0.24383561643835616,4.499809670330265,0.0
2140E5D8E2A4,2025-01-01,2025-03-31,89,0,0.0,26070.077777777777,0.0,0.0,0.0,34.9,42.0,2.777088803445468,0.0,0.0,0.0,0.0,0,0.24383561643835616,4.499809670330265,0.0
2140E5D8E2A5,2025-01-01,2025-03-31,89,0,0.0,26112.67777777778,0.0,0.0,0.0,34.67777777777778,42.0,2.398276129861138,0.0,0.0,0.0,0.0,0,0.24383561643835616,4.499809670330265,0.0
2140E5D8E2A8,2025-01-01,2025-03-31,89,0,0.0,25732.78888888889,0.0,0.0,0.0,39.84444444444444,41.0,0.4449996532114845,0.0,0.0,0.0,0.0,0,0.24383561643835616,4.499809670330265,0.0
2140E5D8E2B3,2025-01-01,2025-03-31,89,0,0.0,22534.255555555555,0.0,0.0,0.0,36.9,41.0,1.920937271229869,0.0,0.0,0.0,0.0,0,0.24383561643835616,4.499809670330265,0.0
2140E5D8E46D,2025-01-01,2025-03-31,89,0,0.0,25694.244444444445,0.0,0.0,0.0,33.51111111111111,38.0,0.8198162998087503,0.0,0.0,0.0,0.0,0,0.24383561643835616,4.499809670330265,0.0
2140E5D8E473,2025-01-01,2025-03-31,89,0,0.0,25258.78888888889,0.0,0.0,0.0,34.644444444444446,37.0,0.8070675465481576,0.0,0.0,0.0,0.0,0,0.24383561643835616,4.499809670330265,0.0
2140E5D8E474,2025-01-01,2025-03-31,89,0,0.0,23611.588888888888,0.0,1.0,0.0,34.67777777777778,37.0,1.0091556181919465,0.0,0.0,0.0,0.0,1,0.24383561643835616,4.499809670330265,5.0
2140E5D8E47A,2025-01-01,2025-03-31,89,0,0.0,27185.566666666666,0.0,0.0,0.0,34.98888888888889,37.0,0.8095876103087665,0.0,0.0,0.0,0.0,0,0.24383561643835616,4.499809670330265,0.0
2140E5D8E47C,2025-01-01,2025-03-31,89,0,0.0,27494.955555555556,0.0,0.0,0.0,38.144444444444446,40.0,0.40990814990423646,0.0,0.0,0.0,0.0,0,0.24383561643835616,4.499809670330265,0.0
2140E5D8E483,2025-01-01,2025-03-31,89,0,0.0,25608.866666666665,0.0,0.0,0.0,37.86666666666667,40.0,0.5416025603090276,0.0,0.0,0.0,0.0,0,0.24383561643835616,4.499809670330265,0.0
2140E5D8E484,2025-01-01,2025-03-31,89,0,0.0,25290.244444444445,0.0,0.0,0.0,36.67777777777778,39.0,0.6468346479035124,0.0,0.0,0.0,0.0,0,0.24383561643835616,4.499809670330265,0.0
2140E5D8E489,2025-01-01,2025-03-31,89,0,0.0,24667.38888888889,0.0,0.0,0.0,29.733333333333334,33.0,1.9078784028338878,0.0,0.0,0.0,0.0,0,0.24383561643835616,4.499809670330265,0.0
2140E5D8E491,2025-01-01,2025-03-31,89,0,0.0,25871.48888888889,0.0,0.0,0.0,32.577777777777776,37.0,0.8560604570781917,0.0,0.0,0.0,0.0,0,0.24383561643835616,4.499809670330265,0.0
2140E5D8E494,2025-01-01,2025-03-28,86,0,0.0,28119.344827586207,0.0,0.0,0.0,32.11494252873563,34.0,0.38432766660454837,0.0,0.0,0.0,0.0,0,0.2356164383561644,4.465908118654584,0.0
2141E5D932B4,2025-01-01,2025-03-31,89,0,0.0,7801.533333333334,0.0,1.0,0.0,48.91111111111111,54.0,1.7361799986332562,0.0,0.0,0.0,0.0,1,0.24383561643835616,4.499809670330265,9.0
2141E5D932B5,2025-01-01,2025-03-31,89,0,0.0,8909.677777777777,0.0,1.0,0.0,38.05555555555556,45.0,1.7786456215090733,0.0,0.0,0.0,0.0,1,0.24383561643835616,4.499809670330265,5.0
2141E5D932B6,2025-01-01,2025-03-31,89,0,0.0,10908.41111111111,0.0,1.0,0.0,41.355555555555554,54.0,3.070689792614897,0.0,0.0,0.0,0.0,1,0.24383561643835616,4.499809670330265,9.0
2141E5D932B7,2025-01-01,2025-03-31,89,0,0.0,13517.8,0.0,1.0,0.0,47.455555555555556,52.0,1.5717019162614814,0.0,0.0,0.0,0.0,1,0.24383561643835616,4.499809670330265,7.0
2141E5D932B8,2025-01-01,2025-03-31,89,0,0.0,11518.755555555555,0.0,1.0,0.0,43.577777777777776,51.0,3.0476868378704167,0.0,0.0,0.0,0.0,1,0.24383561643835616,4.499809670330265,6.0
2141E5D932BB,2025-01-01,2025-03-31,89,0,0.0,12933.655555555555,0.0,1.0,0.0,37.41111111111111,48.0,3.0764136567851934,0.0,0.0,0.0,0.0,1,0.24383561643835616,4.499809670330265,5.0
2141E5DA43FB,2025-01-01,2025-03-31,89,0,0.0,25355.422222222223,0.0,0.0,0.0,35.27777777777778,37.0,0.5169951166279853,0.0,0.0,0.0,0.0,0,0.24383561643835616,4.499809670330265,0.0
2141E5DA4403,2025-01-01,2025-03-31,89,0,0.0,25316.944444444445,0.0,1.0,0.0,32.87777777777778,34.0,0.5740262823595286,0.0,0.0,0.0,0.0,1,0.24383561643835616,4.499809670330265,5.0
2141E5DA445A,2025-01-01,2025-03-31,89,0,0.0,23427.48888888889,0.0,0.0,0.0,37.833333333333336,39.0,0.5627314338708819,0.0,0.0,0.0,0.0,0,0.24383561643835616,4.499809670330265,0.0
2145E5E20579,2025-01-01,2025-03-31,89,0,0.0,22202.255555555555,0.0,1.0,0.0,30.68888888888889,40.0,4.443833291313652,0.0,0.0,0.0,0.0,1,0.24383561643835616,4.499809670330265,5.0
2145E5E2058C,2025-01-01,2025-03-31,89,0,0.0,19318.5,0.0,0.0,0.0,27.766666666666666,33.0,1.0225241100118627,0.0,0.0,0.0,0.0,0,0.24383561643835616,4.499809670330265,0.0
2145E5E2059B,2025-01-01,2025-03-31,89,0,0.0,20692.577777777777,0.0,0.0,0.0,26.5,33.0,1.707825127659922,0.0,0.0,0.0,0.0,0,0.24383561643835616,4.499809670330265,0.0
2145E5E22CE9,2025-01-01,2025-03-31,89,0,0.0,22096.266666666666,0.0,0.0,0.0,40.93333333333333,42.0,0.3887301263232332,0.0,0.0,0.0,0.0,0,0.24383561643835616,4.499809670330265,0.0
2145E5E22D20,2025-01-01,2025-03-31,89,0,0.0,22097.555555555555,0.0,0.0,0.0,37.666666666666664,39.0,0.6666666666667614,0.0,0.0,0.0,0.0,0,0.24383561643835616,4.499809670330265,0.0
2145E5E22D73,2025-01-01,2025-03-31,89,0,0.0,22136.18888888889,0.0,0.0,0.0,29.877777777777776,42.0,4.9053888231385745,0.0,0.0,0.0,0.0,0,0.24383561643835616,4.499809670330265,0.0
2145E5E22DC9,2025-01-01,2025-03-31,89,0,0.0,22133.11111111111,0.0,0.0,0.0,34.166666666666664,42.0,2.2173557826084136,0.0,0.0,0.0,0.0,0,0.24383561643835616,4.499809670330265,0.0
2145E5E22DD0,2025-01-01,2025-03-31,89,0,0.0,20674.644444444446,0.0,1.0,0.0,40.44444444444444,42.0,1.342560663732841,0.0,0.0,0.0,0.0,1,0.24383561643835616,4.499809670330265,5.0
2147E5E5EEAB,2025-01-01,2025-03-31,89,0,0.0,25371.411111111112,0.0,0.0,0.0,38.17777777777778,40.0,0.5492980930803173,0.0,0.0,0.0,0.0,0,0.24383561643835616,4.499809670330265,0.0
2147E5E5EEAC,2025-01-01,2025-03-31,89,0,0.0,23513.88888888889,0.0,0.0,0.0,31.866666666666667,34.0,1.077032961426886,0.0,0.0,0.0,0.0,0,0.24383561643835616,4.499809670330265,0.0
2147E5E5EEAE,2025-01-01,2025-03-31,89,0,0.0,16062.944444444445,0.0,0.0,0.0,37.74444444444445,38.0,0.4361730316973302,0.0,0.0,0.0,0.0,0,0.24383561643835616,4.499809670330265,0.0
2147E5E5EEB0,2025-01-01,2025-03-31,89,0,0.0,25427.32222222222,0.0,0.0,0.0,36.388888888888886,38.0,0.6781419786520794,0.0,0.0,0.0,0.0,0,0.24383561643835616,4.499809670330265,0.0
2147E5E5EEB2,2025-01-01,2025-03-31,89,0,0.0,25258.48888888889,0.0,1.0,0.0,30.3,34.0,1.8645821694596052,0.0,0.0,0.0,0.0,1,0.24383561643835616,4.499809670330265,5.0
2147E5E5EEB4,2025-01-01,2025-03-31,89,0,0.0,23493.966666666667,0.0,0.0,0.0,37.22222222222222,39.0,0.679505993396493,0.0,0.0,0.0,0.0,0,0.24383561643835616,4.499809670330265,0.0
2147E5E5EECD,2025-01-01,2025-03-31,89,0,0.0,25320.78888888889,0.0,0.0,0.0,36.77777777777778,38.0,0.6629526173410896,0.0,0.0,0.0,0.0,0,0.24383561643835616,4.499809670330265,0.0
2147E5E5EED3,2025-01-01,2025-03-31,89,0,0.0,20258.333333333332,0.0,1.0,0.0,39.666666666666664,41.0,0.6324555320337477,0.0,0.0,0.0,0.0,1,0.24383561643835616,4.499809670330265,5.0
2147E5E5EEFF,2025-01-01,2025-03-31,89,0,0.0,23483.842696629214,0.0,0.0,0.0,38.21348314606742,39.0,0.43632556941435596,0.0,0.0,0.0,0.0,0,0.24383561643835616,4.499809670330265,0.0
2147E5E5EFDE,2025-01-01,2025-03-31,89,0,0.0,23104.933333333334,0.0,0.0,0.0,33.8,35.0,0.4268749491624397,0.0,0.0,0.0,0.0,0,0.24383561643835616,4.499809670330265,0.0
2147E5E5EFE0,2025-01-01,2025-03-31,89,0,0.0,25373.98888888889,0.0,0.0,0.0,36.388888888888886,38.0,0.571439594250298,0.0,0.0,0.0,0.0,0,0.24383561643835616,4.499809670330265,0.0
2147E5E5EFE3,2025-01-01,2025-03-31,89,0,0.0,23010.566666666666,0.0,0.0,0.0,39.977777777777774,43.0,0.5769224438113725,0.0,0.0,0.0,0.0,0,0.24383561643835616,4.499809670330265,0.0
2147E5E5EFF2,2025-01-01,2025-03-31,89,0,0.0,20198.12222222222,0.0,0.0,0.0,40.15555555555556,42.0,0.5756370598659356,0.0,0.0,0.0,0.0,0,0.24383561643835616,4.499809670330265,0.0
2147E5E5EFF5,2025-01-01,2025-03-31,89,0,0.0,25298.2,0.0,0.0,0.0,29.166666666666668,31.0,0.7187952884282502,0.0,0.0,0.0,0.0,0,0.24383561643835616,4.499809670330265,0.0
2147E5E5EFF6,2025-01-01,2025-03-31,89,0,0.0,25302.133333333335,0.0,1.0,0.0,32.77777777777778,36.0,1.4045780527165201,0.0,0.0,0.0,0.0,1,0.24383561643835616,4.499809670330265,5.0
2147E5E5EFF7,2025-01-01,2025-03-31,89,0,0.0,23628.0,0.0,0.0,0.0,30.42222222222222,34.0,1.1640711869963902,0.0,0.0,0.0,0.0,0,0.24383561643835616,4.499809670330265,0.0
2147E5E5EFFA,2025-01-01,2025-03-31,89,0,0.0,25343.033333333333,0.0,1.0,0.0,28.68888888888889,31.0,1.0503379820529832,0.0,0.0,0.0,0.0,1,0.24383561643835616,4.499809670330265,5.0
2147E5E5F000,2025-01-01,2025-03-31,89,0,0.0,25345.833333333332,0.0,0.0,0.0,35.888888888888886,38.0,0.8999314102809689,0.0,0.0,0.0,0.0,0,0.24383561643835616,4.499809670330265,0.0
2147E5E5F00F,2025-01-01,2025-03-31,89,0,0.0,23494.61111111111,0.0,0.0,0.0,38.477777777777774,40.0,0.5421721288336886,0.0,0.0,0.0,0.0,0,0.24383561643835616,4.499809670330265,0.0
2147E5E5F62D,2025-01-01,2025-03-31,89,0,0.0,25308.088888888888,0.0,0.0,0.0,30.544444444444444,33.0,1.454197840056415,0.0,0.0,0.0,0.0,0,0.24383561643835616,4.499809670330265,0.0
2147E5E5F641,2025-01-01,2025-03-31,89,0,0.0,14709.68888888889,0.0,0.0,0.0,37.233333333333334,42.0,0.6674994798166731,0.0,0.0,0.0,0.0,0,0.24383561643835616,4.499809670330265,0.0
2205E6045368,2025-01-01,2025-03-31,89,0,0.0,25113.966666666667,0.0,0.0,0.0,37.56666666666667,40.0,0.8034647195461337,0.0,0.0,0.0,0.0,0,0.24383561643835616,4.499809670330265,0.0
2205E604537B,2025-01-01,2025-03-31,89,0,0.0,25139.422222222223,0.0,0.0,0.0,31.31111111111111,48.0,3.404717134422797,0.0,0.0,0.0,0.0,0,0.24383561643835616,4.499809670330265,0.0
2205E6045386,2025-01-01,2025-03-31,89,0,0.0,24745.833333333332,0.0,0.0,0.0,29.755555555555556,34.0,1.5225060562631614,0.0,0.0,0.0,0.0,0,0.24383561643835616,4.499809670330265,0.0
2205E6046569,2025-01-01,2025-03-31,89,0,0.0,24723.555555555555,0.0,0.0,0.0,39.05555555555556,41.0,0.8864550011905062,0.0,0.0,0.0,0.0,0,0.24383561643835616,4.499809670330265,0.0
2205E6046570,2025-01-01,2025-03-31,89,0,0.0,21909.9,0.0,0.0,0.0,37.18888888888889,38.0,0.41884615166602757,0.0,0.0,0.0,0.0,0,0.24383561643835616,4.499809670330265,0.0
2205E604657A,2025-01-01,2025-03-31,89,0,0.0,24871.61111111111,0.0,0.0,0.0,27.8,30.0,0.5416025603090276,0.0,0.0,0.0,0.0,0,0.24383561643835616,4.499809670330265,0.0
2205E604657B,2025-01-01,2025-03-31,89,0,0.0,25379.411111111112,0.0,0.0,0.0,33.34444444444444,39.0,1.4541978400564541,0.0,0.0,0.0,0.0,0,0.24383561643835616,4.499809670330265,0.0
2205E6046589,2025-01-01,2025-03-31,89,0,0.0,24488.633333333335,0.0,0.0,0.0,27.877777777777776,33.0,1.5116420635835506,0.0,0.0,0.0,0.0,0,0.24383561643835616,4.499809670330265,0.0
2205E604658B,2025-01-01,2025-03-31,89,0,0.0,23797.722222222223,0.0,0.0,0.0,27.322222222222223,34.0,2.235212034574378,0.0,0.0,0.0,0.0,0,0.24383561643835616,4.499809670330265,0.0
2205E6046663,2025-01-01,2025-03-31,89,0,0.0,21889.88888888889,0.0,0.0,0.0,29.044444444444444,32.0,1.172946064035259,0.0,0.0,0.0,0.0,0,0.24383561643835616,4.499809670330265,0.0
2205E6046672,2025-01-01,2025-03-31,89,0,0.0,24508.38888888889,0.0,0.0,0.0,38.62222222222222,40.0,0.8638129655812326,0.0,0.0,0.0,0.0,0,0.24383561643835616,4.499809670330265,0.0
2205E6046684,2025-01-01,2025-03-31,89,0,0.0,21961.266666666666,0.0,0.0,0.0,39.422222222222224,43.0,1.5346210373883702,0.0,0.0,0.0,0.0,0,0.24383561643835616,4.499809670330265,0.0
2205E604668C,2025-01-01,2025-03-31,89,0,0.0,23288.155555555557,0.0,0.0,0.0,36.75555555555555,40.0,0.8982836858404228,0.0,0.0,0.0,0.0,0,0.24383561643835616,4.499809670330265,0.0
2205E604668E,2025-01-01,2025-03-31,89,0,0.0,24712.433333333334,0.0,0.0,0.0,29.42222222222222,37.0,3.186700759154386,0.0,0.0,0.0,0.0,0,0.24383561643835616,4.499809670330265,0.0
2205E604669A,2025-01-01,2025-03-31,89,0,0.0,25224.4,0.0,0.0,0.0,28.9,34.0,1.47610598836567,0.0,0.0,0.0,0.0,0,0.24383561643835616,4.499809670330265,0.0
2205E6046E3F,2025-01-01,2025-03-31,89,0,0.0,22077.066666666666,0.0,0.0,0.0,26.033333333333335,29.0,0.31446603773513737,0.0,0.0,0.0,0.0,0,0.24383561643835616,4.499809670330265,0.0
2205E6066F3B,2025-01-01,2025-03-31,89,0,0.0,7902.466666666666,0.0,0.0,0.0,37.644444444444446,39.0,0.7197393218089799,0.0,0.0,0.0,0.0,0,0.24383561643835616,4.499809670330265,0.0
2205E6066F48,2025-01-01,2025-03-31,89,0,0.0,22213.88888888889,0.0,0.0,0.0,26.77777777777778,37.0,1.8425693279752149,0.0,0.0,0.0,0.0,0,0.24383561643835616,4.499809670330265,0.0
2205E6066F4B,2025-01-01,2025-03-31,89,0,0.0,22393.644444444446,0.0,0.0,0.0,29.033333333333335,34.0,1.580787426850524,0.0,0.0,0.0,0.0,0,0.24383561643835616,4.499809670330265,0.0
2205E6066F55,2025-01-01,2025-03-31,89,0,0.0,22123.81111111111,0.0,0.0,0.0,31.122222222222224,38.0,3.6600782559265186,0.0,0.0,0.0,0.0,0,0.24383561643835616,4.499809670330265,0.0
2205E606700A,2025-01-01,2025-03-31,89,0,0.0,22317.5,0.0,0.0,0.0,28.466666666666665,35.0,2.5482019804822094,0.0,0.0,0.0,0.0,0,0.24383561643835616,4.499809670330265,0.0
2205E6067010,2025-01-01,2025-03-31,89,0,0.0,22351.433333333334,0.0,0.0,0.0,26.044444444444444,28.0,0.25434495871684704,0.0,0.0,0.0,0.0,0,0.24383561643835616,4.499809670330265,0.0
2205E6067017,2025-01-01,2025-03-31,89,0,0.0,21512.722222222223,0.0,0.0,0.0,31.711111111111112,36.0,1.0877545111573539,0.0,0.0,0.0,0.0,0,0.24383561643835616,4.499809670330265,0.0
2205E6067018,2025-01-01,2025-03-31,89,0,0.0,22256.055555555555,0.0,0.0,0.0,33.34444444444444,38.0,2.13000318784904,0.0,0.0,0.0,0.0,0,0.24383561643835616,4.499809670330265,0.0
2205E606701B,2025-01-01,2025-03-31,89,0,0.0,13181.822222222223,0.0,0.0,0.0,30.6,38.0,2.6322782696532605,0.0,0.0,0.0,0.0,0,0.24383561643835616,4.499809670330265,0.0
2205E606701C,2025-01-01,2025-03-31,89,0,0.0,20797.022222222222,0.0,0.0,0.0,29.455555555555556,38.0,3.7864117024231416,0.0,0.0,0.0,0.0,0,0.24383561643835616,4.499809670330265,0.0
2205E606701F,2025-01-01,2025-03-31,89,0,0.0,22272.533333333333,0.0,0.0,0.0,40.05555555555556,42.0,0.45609723892814524,0.0,0.0,0.0,0.0,0,0.24383561643835616,4.499809670330265,0.0
2205E6067020,2025-01-01,2025-03-31,89,0,0.0,22125.277777777777,0.0,0.0,0.0,30.477777777777778,39.0,3.8993668368589143,0.0,0.0,0.0,0.0,0,0.24383561643835616,4.499809670330265,0.0
2205E6067024,2025-01-01,2025-03-31,89,0,0.0,12408.122222222222,0.0,0.0,0.0,37.477777777777774,40.0,1.3922625692478665,0.0,0.0,0.0,0.0,0,0.24383561643835616,4.499809670330265,0.0
2205E606702C,2025-01-01,2025-03-31,89,0,1.0,21401.244444444445,0.0,0.0,0.0,37.766666666666666,40.0,1.0546194679704484,0.0,0.0,0.0,0.0,0,0.24383561643835616,4.499809670330265,10.0
2205E606702E,2025-01-01,2025-03-31,89,0,0.0,19079.82222222222,0.0,0.0,0.0,35.82222222222222,38.0,0.8638129655812326,0.0,0.0,0.0,0.0,0,0.24383561643835616,4.499809670330265,0.0
2205E6067039,2025-01-01,2025-03-31,89,0,0.0,19626.766666666666,0.0,0.0,0.0,26.066666666666666,29.0,0.38873012632308696,0.0,0.0,0.0,0.0,0,0.24383561643835616,4.499809670330265,0.0
2205E6067048,2025-01-01,2025-03-31,89,0,0.0,19965.133333333335,0.0,0.0,0.0,34.455555555555556,38.0,1.1071596403119628,0.0,0.0,0.0,0.0,0,0.24383561643835616,4.499809670330265,0.0
2205E606704B,2025-01-01,2025-03-31,89,0,0.0,21656.82222222222,0.0,0.0,0.0,26.8,31.0,1.5506271132817135,0.0,0.0,0.0,0.0,0,0.24383561643835616,4.499809670330265,0.0
2205E6067052,2025-01-01,2025-03-31,89,0,0.0,11842.5,0.0,0.0,0.0,34.5,37.0,1.0671873729054866,0.0,0.0,0.0,0.0,0,0.24383561643835616,4.499809670330265,0.0
2205E60670FF,2025-01-01,2025-03-31,89,0,0.0,22107.833333333332,0.0,0.0,0.0,39.05555555555556,42.0,2.8958250066493263,0.0,0.0,0.0,0.0,0,0.24383561643835616,4.499809670330265,0.0
2205E60680FF,2025-01-01,2025-03-31,89,0,0.0,22015.81111111111,0.0,0.0,0.0,34.87777777777778,41.0,2.179845956727612,0.0,0.0,0.0,0.0,0,0.24383561643835616,4.499809670330265,0.0
2205E6068102,2025-01-01,2025-03-31,89,0,0.0,20188.62222222222,0.0,0.0,0.0,41.87777777777778,43.0,0.5126787553358026,0.0,0.0,0.0,0.0,0,0.24383561643835616,4.499809670330265,0.0
2205E6068103,2025-01-01,2025-03-31,89,0,0.0,22699.066666666666,0.0,0.0,0.0,34.27777777777778,36.0,0.989138545264605,0.0,0.0,0.0,0.0,0,0.24383561643835616,4.499809670330265,0.0
2205E6068104,2025-01-01,2025-03-15,73,0,0.0,14445.202702702703,0.0,0.0,0.0,33.08108108108108,36.0,0.39444647349548456,0.0,0.0,0.0,0.0,0,0.2,4.30406509320417,0.0
2205E6068106,2025-01-01,2025-03-31,89,0,0.0,22151.933333333334,0.0,0.0,0.0,32.0,39.0,2.5905812303634144,0.0,0.0,0.0,0.0,0,0.24383561643835616,4.499809670330265,0.0
2205E6068107,2025-01-01,2025-03-31,89,0,0.0,22178.911111111112,0.0,0.0,0.0,28.244444444444444,38.0,2.4051385319820358,0.0,0.0,0.0,0.0,0,0.24383561643835616,4.499809670330265,0.0
2205E6068109,2025-01-01,2025-03-31,89,0,0.0,19344.466666666667,0.0,0.0,0.0,36.2,38.0,0.5617433182114343,0.0,0.0,0.0,0.0,0,0.24383561643835616,4.499809670330265,0.0
2205E606810B,2025-01-01,2025-03-31,89,0,0.0,21869.444444444445,0.0,0.0,0.0,37.53333333333333,41.0,0.9333333333334367,0.0,0.0,0.0,0.0,0,0.24383561643835616,4.499809670330265,0.0
2205E606810D,2025-01-01,2025-03-31,89,0,0.0,20148.922222222223,0.0,0.0,0.0,42.41111111111111,44.0,0.5556666555578806,0.0,0.0,0.0,0.0,0,0.24383561643835616,4.499809670330265,0.0
2205E606810E,2025-01-01,2025-03-31,89,0,0.0,23528.555555555555,0.0,1.0,0.0,33.65555555555556,36.0,1.5286966933458623,0.0,0.0,0.0,0.0,1,0.24383561643835616,4.499809670330265,5.0
2205E606810F,2025-01-01,2025-03-31,89,0,0.0,21884.18888888889,0.0,0.0,0.0,38.144444444444446,42.0,1.8830301296409602,0.0,0.0,0.0,0.0,0,0.24383561643835616,4.499809670330265,0.0
2205E6068110,2025-01-01,2025-03-31,89,0,0.0,18253.433333333334,0.0,0.0,0.0,32.06666666666667,33.0,0.5734883511358483,0.0,0.0,0.0,0.0,0,0.24383561643835616,4.499809670330265,0.0
2205E6068111,2025-01-01,2025-03-31,89,0,0.0,20221.644444444446,0.0,0.0,0.0,41.71111111111111,43.0,0.47713134563555415,0.0,0.0,0.0,0.0,0,0.24383561643835616,4.499809670330265,0.0
2205E6068112,2025-01-01,2025-03-31,89,0,0.0,14315.144444444444,0.0,0.0,0.0,32.522222222222226,37.0,1.1759419654781262,0.0,0.0,0.0,0.0,0,0.24383561643835616,4.499809670330265,0.0
2205E6068113,2025-01-01,2025-03-31,89,0,0.0,20684.88888888889,0.0,0.0,0.0,26.08888888888889,35.0,2.2883494509966287,0.0,0.0,0.0,0.0,0,0.24383561643835616,4.499809670330265,0.0
2205E6068115,2025-01-01,2025-03-31,89,0,0.0,22333.755555555555,0.0,0.0,0.0,29.2,38.0,3.724394059590241,0.0,0.0,0.0,0.0,0,0.24383561643835616,4.499809670330265,0.0
2205E6068117,2025-01-01,2025-03-31,89,0,0.0,12090.655555555555,0.0,0.0,0.0,37.833333333333336,40.0,1.0775486583495026,0.0,0.0,0.0,0.0,0,0.24383561643835616,4.499809670330265,0.0
2205E6068118,2025-01-01,2025-03-31,89,0,0.0,21905.922222222223,0.0,0.0,0.0,39.922222222222224,43.0,1.46990383493288,0.0,0.0,0.0,0.0,0,0.24383561643835616,4.499809670330265,0.0
2205E6068119,2025-01-01,2025-03-31,89,0,0.0,22292.233333333334,0.0,0.0,0.0,33.12222222222222,39.0,2.407524213690529,0.0,0.0,0.0,0.0,0,0.24383561643835616,4.499809670330265,0.0
2205E606811B,2025-01-01,2025-03-31,89,0,0.0,11852.355555555556,0.0,0.0,0.0,29.844444444444445,37.0,2.389379794521805,0.0,0.0,0.0,0.0,0,0.24383561643835616,4.499809670330265,0.0
2205E606811C,2025-01-01,2025-03-31,89,0,0.0,22142.555555555555,0.0,0.0,0.0,39.7,41.0,0.5859465277081591,0.0,0.0,0.0,0.0,0,0.24383561643835616,4.499809670330265,0.0
2205E606811E,2025-01-01,2025-03-31,89,0,0.0,22894.38888888889,0.0,0.0,0.0,31.866666666666667,43.0,4.364503280888775,0.0,0.0,0.0,0.0,0,0.24383561643835616,4.499809670330265,0.0
2205E6068121,2025-01-01,2025-03-31,89,0,0.0,17066.37777777778,0.0,0.0,0.0,33.75555555555555,35.0,0.5013561854526443,0.0,0.0,0.0,0.0,0,0.24383561643835616,4.499809670330265,0.0
2205E6068122,2025-01-01,2025-03-31,89,0,0.0,12374.877777777778,0.0,0.0,0.0,39.87777777777778,43.0,1.1336056317762337,0.0,0.0,0.0,0.0,0,0.24383561643835616,4.499809670330265,0.0
2205E6068123,2025-01-01,2025-03-31,89,0,0.0,20276.444444444445,0.0,0.0,0.0,39.388888888888886,41.0,0.6090875588297611,0.0,0.0,0.0,0.0,0,0.24383561643835616,4.499809670330265,0.0
2205E6068126,2025-01-01,2025-03-31,89,0,0.0,19964.78888888889,0.0,0.0,0.0,28.88888888888889,36.0,2.672678408739669,0.0,0.0,0.0,0.0,0,0.24383561643835616,4.499809670330265,0.0
2205E6068127,2025-01-01,2025-03-31,89,0,0.0,22134.21111111111,0.0,0.0,0.0,30.1,37.0,3.2661564227357056,0.0,0.0,0.0,0.0,0,0.24383561643835616,4.499809670330265,0.0
2205E6068129,2025-01-01,2025-03-31,89,0,0.0,12376.31111111111,0.0,0.0,0.0,40.12222222222222,42.0,1.1433651869010946,0.0,0.0,0.0,0.0,0,0.24383561643835616,4.499809670330265,0.0
2205E606812A,2025-01-01,2025-03-31,89,0,0.0,20167.433333333334,0.0,1.0,0.0,39.422222222222224,41.0,0.6142344427147374,0.0,0.0,0.0,0.0,1,0.24383561643835616,4.499809670330265,5.0
2205E606812B,2025-01-01,2025-03-31,89,0,0.0,20309.78888888889,0.0,0.0,0.0,39.666666666666664,41.0,0.7453559924999977,0.0,0.0,0.0,0.0,0,0.24383561643835616,4.499809670330265,0.0
2205E606812C,2025-01-01,2025-03-31,89,0,0.0,12369.322222222223,0.0,0.0,0.0,36.5,39.0,1.1474609652038739,0.0,0.0,0.0,0.0,0,0.24383561643835616,4.499809670330265,0.0
2205E606812F,2025-01-01,2025-03-31,89,0,0.0,20259.0,0.0,0.0,0.0,39.78888888888889,41.0,0.7225640216837483,0.0,0.0,0.0,0.0,0,0.24383561643835616,4.499809670330265,0.0
2205E6068132,2025-01-01,2025-03-31,89,0,0.0,21902.666666666668,0.0,0.0,0.0,39.111111111111114,41.0,1.5088217952681848,0.0,0.0,0.0,0.0,0,0.24383561643835616,4.499809670330265,0.0
2205E6068134,2025-01-01,2025-03-31,89,0,0.0,20646.655555555557,0.0,1.0,0.0,29.166666666666668,38.0,3.6765019606504565,0.0,0.0,0.0,0.0,1,0.24383561643835616,4.499809670330265,5.0
2205E6068136,2025-01-01,2025-03-31,89,0,0.0,23567.277777777777,0.0,0.0,0.0,33.25555555555555,37.0,2.3216905292438397,0.0,0.0,0.0,0.0,0,0.24383561643835616,4.499809670330265,0.0
2205E6068138,2025-01-01,2025-03-31,89,0,0.0,20095.32222222222,0.0,0.0,0.0,36.233333333333334,40.0,0.9780933834081008,0.0,0.0,0.0,0.0,0,0.24383561643835616,4.499809670330265,0.0
2205E606813B,2025-01-01,2025-03-31,89,0,0.0,22656.81111111111,0.0,0.0,0.0,37.977777777777774,40.0,1.5490339482528754,0.0,0.0,0.0,0.0,0,0.24383561643835616,4.499809670330265,0.0
2205E606813E,2025-01-01,2025-03-31,89,0,0.0,22163.7,0.0,0.0,0.0,27.511111111111113,34.0,2.2717807232039218,0.0,0.0,0.0,0.0,0,0.24383561643835616,4.499809670330265,0.0
2205E606813F,2025-01-01,2025-03-31,89,0,0.0,22129.01111111111,0.0,0.0,0.0,40.7,43.0,0.7218802609234722,0.0,0.0,0.0,0.0,0,0.24383561643835616,4.499809670330265,0.0
2205E6068141,2025-01-01,2025-03-31,89,0,0.0,19925.466666666667,0.0,0.0,0.0,26.266666666666666,31.0,0.9043106644167731,0.0,0.0,0.0,0.0,0,0.24383561643835616,4.499809670330265,0.0
2205E6068143,2025-01-01,2025-03-31,89,0,0.0,20177.51111111111,0.0,0.0,0.0,39.06666666666667,41.0,0.628932075470094,0.0,0.0,0.0,0.0,0,0.24383561643835616,4.499809670330265,0.0
2205E6068146,2025-01-01,2025-03-31,89,0,0.0,22050.922222222223,0.0,0.0,0.0,31.3,39.0,2.9380643665893604,0.0,0.0,0.0,0.0,0,0.24383561643835616,4.499809670330265,0.0
2205E6068147,2025-01-01,2025-03-31,89,0,0.0,22127.244444444445,0.0,0.0,0.0,39.888888888888886,42.0,0.6402160129286073,0.0,0.0,0.0,0.0,0,0.24383561643835616,4.499809670330265,0.0
2205E606814A,2025-01-01,2025-03-31,89,0,0.0,22178.644444444446,0.0,0.0,0.0,26.555555555555557,34.0,1.3342589379802503,0.0,0.0,0.0,0.0,0,0.24383561643835616,4.499809670330265,0.0
2205E606814B,2025-01-01,2025-03-31,89,0,0.0,12386.41111111111,0.0,0.0,0.0,35.96666666666667,38.0,1.129896750445108,0.0,0.0,0.0,0.0,0,0.24383561643835616,4.499809670330265,0.0
2205E606814E,2025-01-01,2025-03-31,89,0,0.0,21827.655555555557,0.0,0.0,0.0,32.94444444444444,36.0,0.8738307884902742,0.0,0.0,0.0,0.0,0,0.24383561643835616,4.499809670330265,0.0
2205E6068151,2025-01-01,2025-03-31,89,0,0.0,22232.544444444444,0.0,0.0,0.0,26.288888888888888,35.0,1.7336182102081998,0.0,0.0,0.0,0.0,0,0.24383561643835616,4.499809670330265,0.0
2205E606815A,2025-01-01,2025-03-31,89,0,0.0,22043.37777777778,0.0,0.0,0.0,36.7,46.0,3.652852766446144,0.0,0.0,0.0,0.0,0,0.24383561643835616,4.499809670330265,0.0
2205E606815C,2025-01-01,2025-03-31,89,0,0.0,16612.12222222222,0.0,0.0,0.0,38.48888888888889,43.0,0.8595146491473802,0.0,0.0,0.0,0.0,0,0.24383561643835616,4.499809670330265,0.0
2205E6068248,2025-01-01,2025-03-31,89,0,0.0,20710.044444444444,0.0,0.0,0.0,26.788888888888888,30.0,1.766946169364578,0.0,0.0,0.0,0.0,0,0.24383561643835616,4.499809670330265,0.0
2205E606824B,2025-01-01,2025-03-31,89,0,0.0,22068.144444444446,0.0,0.0,0.0,39.43333333333333,41.0,0.5972157622392634,0.0,0.0,0.0,0.0,0,0.24383561643835616,4.499809670330265,0.0
2205E606842E,2025-01-01,2025-03-31,89,0,0.0,14466.555555555555,0.0,0.0,0.0,34.77777777777778,39.0,0.6956655929998845,0.0,0.0,0.0,0.0,0,0.24383561643835616,4.499809670330265,0.0
2205E6068431,2025-01-01,2025-03-29,87,0,0.0,22491.136363636364,0.0,0.0,0.0,28.204545454545453,30.0,0.43062034821591383,0.0,0.0,0.0,0.0,0,0.23835616438356164,4.477336814478207,0.0
2205E6068434,2025-01-01,2025-03-31,89,0,0.0,20435.277777777777,0.0,0.0,0.0,29.0,37.0,3.39607616718667,0.0,0.0,0.0,0.0,0,0.24383561643835616,4.499809670330265,0.0
2205E6068435,2025-01-01,2025-03-31,89,0,0.0,20231.6,0.0,0.0,0.0,39.977777777777774,42.0,0.977272596768845,0.0,0.0,0.0,0.0,0,0.24383561643835616,4.499809670330265,0.0
2205E6068439,2025-01-01,2025-03-31,89,0,0.0,15759.966666666667,0.0,0.0,0.0,33.65555555555556,36.0,0.9447058461776502,0.0,0.0,0.0,0.0,0,0.24383561643835616,4.499809670330265,0.0
2205E606843F,2025-01-01,2025-03-31,89,0,0.0,23488.955555555556,0.0,0.0,0.0,36.955555555555556,38.0,0.6816827400077973,0.0,0.0,0.0,0.0,0,0.24383561643835616,4.499809670330265,0.0
2205E6068440,2025-01-01,2025-03-31,89,0,0.0,23562.644444444446,0.0,0.0,0.0,33.51111111111111,36.0,0.7187094057242781,0.0,0.0,0.0,0.0,0,0.24383561643835616,4.499809670330265,0.0
2205E6068442,2025-01-01,2025-03-31,89,0,0.0,23524.88888888889,0.0,0.0,0.0,38.21111111111111,39.0,0.5476098457935863,0.0,0.0,0.0,0.0,0,0.24383561643835616,4.499809670330265,0.0
2205E6068445,2025-01-01,2025-03-31,89,0,0.0,12397.833333333334,0.0,0.0,0.0,35.81111111111111,39.0,1.042373834032916,0.0,0.0,0.0,0.0,0,0.24383561643835616,4.499809670330265,0.0
2205E606844D,2025-01-01,2025-03-31,89,0,0.0,23414.17777777778,0.0,0.0,0.0,35.75555555555555,38.0,0.7499794235860943,0.0,0.0,0.0,0.0,0,0.24383561643835616,4.499809670330265,0.0
2205E606844E,2025-01-01,2025-03-31,89,0,0.0,21333.655555555557,0.0,0.0,0.0,34.12222222222222,41.0,2.1282636520975906,0.0,0.0,0.0,0.0,0,0.24383561643835616,4.499809670330265,0.0
2205E6068451,2025-01-01,2025-03-31,89,0,0.0,22149.62222222222,0.0,0.0,0.0,36.65555555555556,40.0,1.5997299154760383,0.0,0.0,0.0,0.0,0,0.24383561643835616,4.499809670330265,0.0
2205E6068456,2025-01-01,2025-03-31,89,0,0.0,21872.68888888889,0.0,0.0,0.0,38.21111111111111,42.0,0.6054281211479042,0.0,0.0,0.0,0.0,0,0.24383561643835616,4.499809670330265,0.0
2205E6068457,2025-01-01,2025-03-31,89,0,0.0,20219.21111111111,0.0,0.0,0.0,40.75555555555555,43.0,0.637897781973877,0.0,0.0,0.0,0.0,0,0.24383561643835616,4.499809670330265,0.0
2205E6068459,2025-01-01,2025-03-31,89,0,0.0,19913.333333333332,0.0,0.0,0.0,31.433333333333334,34.0,1.0651030205780088,0.0,0.0,0.0,0.0,0,0.24383561643835616,4.499809670330265,0.0
2205E606845E,2025-01-01,2025-03-31,89,0,0.0,22157.022222222222,0.0,0.0,0.0,33.82222222222222,41.0,3.0132218924001055,0.0,0.0,0.0,0.0,0,0.24383561643835616,4.499809670330265,0.0
2205E606845F,2025-01-01,2025-03-31,89,0,1.0,12412.0,0.0,0.0,0.0,34.477777777777774,36.0,0.670452215180058,0.0,0.0,0.0,0.0,0,0.24383561643835616,4.499809670330265,10.0
2205E6068468,2025-01-01,2025-03-31,89,0,0.0,14919.055555555555,0.0,0.0,0.0,37.577777777777776,40.0,1.619175220617603,0.0,0.0,0.0,0.0,0,0.24383561643835616,4.499809670330265,0.0
2205E6068469,2025-01-01,2025-03-31,89,0,0.0,22097.255555555555,0.0,0.0,0.0,31.366666666666667,39.0,3.819394949174235,0.0,0.0,0.0,0.0,0,0.24383561643835616,4.499809670330265,0.0
2205E606846A,2025-01-01,2025-03-31,89,0,0.0,18969.044444444444,0.0,0.0,0.0,31.244444444444444,40.0,4.230343067546152,0.0,0.0,0.0,0.0,0,0.24383561643835616,4.499809670330265,0.0
2205E606846D,2025-01-01,2025-03-31,89,0,0.0,22727.6,0.0,0.0,0.0,41.91111111111111,43.0,0.48635708062756966,0.0,0.0,0.0,0.0,0,0.24383561643835616,4.499809670330265,0.0
2205E6068470,2025-01-01,2025-03-31,89,0,0.0,21557.422222222223,0.0,0.0,0.0,31.5,47.0,2.4776781245530892,0.0,0.0,0.0,0.0,0,0.24383561643835616,4.499809670330265,0.0
2205E6068473,2025-01-01,2025-03-31,89,0,0.0,21588.466666666667,0.0,0.0,0.0,39.75555555555555,43.0,1.088435279667465,0.0,0.0,0.0,0.0,0,0.24383561643835616,4.499809670330265,0.0
2205E6068477,2025-01-01,2025-03-31,89,0,0.0,19730.344444444443,0.0,0.0,0.0,34.666666666666664,36.0,0.5962847940001812,0.0,0.0,0.0,0.0,0,0.24383561643835616,4.499809670330265,0.0
2205E6068479,2025-01-01,2025-03-31,89,0,0.0,23530.555555555555,0.0,0.0,0.0,29.6,34.0,1.8123036292090724,0.0,0.0,0.0,0.0,0,0.24383561643835616,4.499809670330265,0.0
2205E606847C,2025-01-01,2025-03-31,89,0,0.0,20180.055555555555,0.0,0.0,0.0,38.9,41.0,1.0115993936996697,0.0,0.0,0.0,0.0,0,0.24383561643835616,4.499809670330265,0.0
2205E606847D,2025-01-01,2025-03-31,89,0,0.0,21715.722222222223,0.0,0.0,0.0,25.488888888888887,26.0,0.49987652796454995,0.0,0.0,0.0,0.0,0,0.24383561643835616,4.499809670330265,0.0
2205E606847E,2025-01-01,2025-03-31,89,0,0.0,20163.166666666668,0.0,0.0,0.0,44.2,46.0,0.5617433182114343,0.0,0.0,0.0,0.0,0,0.24383561643835616,4.499809670330265,0.0
2205E6068488,2025-01-01,2025-03-31,89,0,0.0,23543.044444444444,0.0,0.0,0.0,37.3,38.0,0.5666666666668772,0.0,0.0,0.0,0.0,0,0.24383561643835616,4.499809670330265,0.0
2205E606848A,2025-01-01,2025-03-31,89,0,0.0,12336.511111111111,0.0,0.0,0.0,38.43333333333333,41.0,0.8034647195464167,0.0,0.0,0.0,0.0,0,0.24383561643835616,4.499809670330265,0.0
2205E606848B,2025-01-01,2025-03-31,89,0,0.0,23567.344444444443,0.0,0.0,0.0,36.86666666666667,38.0,0.7774602526460277,0.0,0.0,0.0,0.0,0,0.24383561643835616,4.499809670330265,0.0
2205E6068491,2025-01-01,2025-03-31,89,0,0.0,23391.166666666668,0.0,0.0,0.0,36.65555555555556,38.0,0.7017614522060659,0.0,0.0,0.0,0.0,0,0.24383561643835616,4.499809670330265,0.0
2205E60686CE,2025-01-01,2025-03-31,89,0,0.0,18503.18888888889,0.0,0.0,0.0,32.75555555555555,36.0,0.6378977819736988,0.0,0.0,0.0,0.0,0,0.24383561643835616,4.499809670330265,0.0
2205E60686D0,2025-01-01,2025-03-31,89,0,0.0,15090.211111111112,0.0,0.0,0.0,38.77777777777778,40.0,0.4893936787897405,0.0,0.0,0.0,0.0,0,0.24383561643835616,4.499809670330265,0.0
2205E60686D8,2025-01-01,2025-03-31,89,0,0.0,18250.1,0.0,0.0,0.0,36.72222222222222,41.0,0.8031573497112187,0.0,0.0,0.0,0.0,0,0.24383561643835616,4.499809670330265,0.0
2205E60686DB,2025-01-01,2025-03-31,89,0,0.0,20260.411111111112,0.0,0.0,0.0,40.166666666666664,42.0,0.7637626158260725,0.0,0.0,0.0,0.0,0,0.24383561643835616,4.499809670330265,0.0
2205E60686DC,2025-01-01,2025-03-31,89,0,0.0,20214.655555555557,0.0,0.0,0.0,39.81111111111111,42.0,0.9763246778317494,0.0,0.0,0.0,0.0,0,0.24383561643835616,4.499809670330265,0.0
2205E60686DD,2025-01-01,2025-01-23,22,0,0.0,15031.91304347826,0.0,0.0,0.0,37.82608695652174,39.0,0.4802330877034046,0.0,0.0,0.0,0.0,0,0.06027397260273973,3.1354942159291497,0.0
2206E608AE54,2025-01-01,2025-03-31,89,0,0.0,12400.566666666668,0.0,0.0,0.0,38.41111111111111,42.0,2.0811025093255275,0.0,0.0,0.0,0.0,0,0.24383561643835616,4.499809670330265,0.0
2206E608AE55,2025-01-01,2025-03-31,89,0,0.0,22575.6,0.0,0.0,0.0,36.3,38.0,0.7218802609237872,0.0,0.0,0.0,0.0,0,0.24383561643835616,4.499809670330265,0.0
2206E608AE57,2025-01-01,2025-03-31,89,0,0.0,22243.8,0.0,0.0,0.0,38.78888888888889,41.0,1.4943928119952312,0.0,0.0,0.0,0.0,0,0.24383561643835616,4.499809670330265,0.0
2206E608AE5B,2025-01-01,2025-03-31,89,0,0.0,20734.566666666666,0.0,0.0,0.0,27.244444444444444,34.0,2.6428566661899673,0.0,0.0,0.0,0.0,0,0.24383561643835616,4.499809670330265,0.0
2206E608AE78,2025-01-01,2025-03-31,89,0,0.0,22156.844444444443,0.0,0.0,0.0,38.333333333333336,42.0,1.2018504251546211,0.0,0.0,0.0,0.0,0,0.24383561643835616,4.499809670330265,0.0
2206E608AE79,2025-01-01,2025-03-31,89,0,0.0,21188.455555555556,0.0,0.0,0.0,32.74444444444445,38.0,2.3502298285302436,0.0,0.0,0.0,0.0,0,0.24383561643835616,4.499809670330265,0.0
2206E608AE7D,2025-01-01,2025-03-31,89,0,0.0,22077.144444444446,0.0,0.0,0.0,37.644444444444446,39.0,0.5639367795755167,0.0,0.0,0.0,0.0,0,0.24383561643835616,4.499809670330265,0.0
2206E608AE80,2025-01-01,2025-03-31,89,0,0.0,22133.755555555555,0.0,0.0,0.0,28.4,37.0,2.866666666666685,0.0,0.0,0.0,0.0,0,0.24383561643835616,4.499809670330265,0.0
2206E608AE82,2025-01-01,2025-03-31,89,0,0.0,22115.744444444445,0.0,0.0,0.0,31.233333333333334,40.0,4.299999999999988,0.0,0.0,0.0,0.0,0,0.24383561643835616,4.499809670330265,0.0
2206E608AE8A,2025-01-01,2025-03-31,89,0,0.0,22054.3,0.0,0.0,0.0,35.8,42.0,2.671661987935217,0.0,0.0,0.0,0.0,0,0.24383561643835616,4.499809670330265,0.0
2206E608DB19,2025-01-01,2025-03-31,89,0,0.0,16924.722222222223,0.0,0.0,0.0,25.877777777777776,26.0,0.3275422882885957,0.0,0.0,0.0,0.0,0,0.24383561643835616,4.499809670330265,0.0
2206E608DB3A,2025-01-01,2025-03-31,89,0,0.0,21926.32222222222,0.0,0.0,0.0,38.24444444444445,41.0,2.20761868240723,0.0,0.0,0.0,0.0,0,0.24383561643835616,4.499809670330265,0.0
2206E608DB3E,2025-01-01,2025-03-31,89,0,0.0,21986.1,0.0,0.0,0.0,40.18888888888889,43.0,2.070396872552827,0.0,0.0,0.0,0.0,0,0.24383561643835616,4.499809670330265,0.0
2206E608DB3F,2025-01-01,2025-03-31,89,0,0.0,18314.88888888889,0.0,0.0,0.0,37.24444444444445,39.0,0.8341477501830925,0.0,0.0,0.0,0.0,0,0.24383561643835616,4.499809670330265,0.0
2206E608DB49,2025-01-01,2025-03-31,89,0,0.0,12342.655555555555,0.0,0.0,0.0,36.96666666666667,40.0,0.7218802609236297,0.0,0.0,0.0,0.0,0,0.24383561643835616,4.499809670330265,0.0
2206E608DB55,2025-01-01,2025-03-31,89,0,0.0,21954.4,0.0,0.0,0.0,27.544444444444444,35.0,2.000894861534123,0.0,0.0,0.0,0.0,0,0.24383561643835616,4.499809670330265,0.0
2206E608DB58,2025-01-01,2025-03-31,89,0,0.0,21982.088888888888,0.0,0.0,0.0,34.455555555555556,40.0,3.0447080177876162,0.0,0.0,0.0,0.0,0,0.24383561643835616,4.499809670330265,0.0
2206E608DB5B,2025-01-01,2025-03-31,89,0,0.0,20609.1,0.0,0.0,0.0,32.833333333333336,38.0,2.367605447610647,0.0,0.0,0.0,0.0,0,0.24383561643835616,4.499809670330265,0.0
2206E608DBBA,2025-01-01,2025-03-31,89,0,0.0,21067.82222222222,0.0,0.0,0.0,32.18888888888889,34.0,0.6127251412870693,0.0,0.0,0.0,0.0,0,0.24383561643835616,4.499809670330265,0.0
2206E608DBBE,2025-01-01,2025-03-31,89,0,0.0,22217.466666666667,0.0,0.0,0.0,26.22222222222222,34.0,1.5689896096092761,0.0,0.0,0.0,0.0,0,0.24383561643835616,4.499809670330265,0.0
2206E608DBC3,2025-01-01,2025-03-31,89,0,0.0,20613.67777777778,0.0,0.0,0.0,26.41111111111111,32.0,0.7585724083865812,0.0,0.0,0.0,0.0,0,0.24383561643835616,4.499809670330265,0.0
2206E608DBC4,2025-01-01,2025-03-31,89,0,0.0,21655.9,0.0,0.0,0.0,36.86666666666667,38.0,0.40000000000010233,0.0,0.0,0.0,0.0,0,0.24383561643835616,4.499809670330265,0.0
2206E608DBC5,2025-01-01,2025-03-31,89,0,0.0,22168.522222222222,0.0,0.0,0.0,33.68888888888889,38.0,2.3458921280704694,0.0,0.0,0.0,0.0,0,0.24383561643835616,4.499809670330265,0.0
2206E608DBC7,2025-01-01,2025-03-31,89,0,0.0,12363.633333333333,0.0,0.0,0.0,39.355555555555554,41.0,1.8337036663001154,0.0,0.0,0.0,0.0,0,0.24383561643835616,4.499809670330265,0.0
2206E608DBC9,2025-01-01,2025-03-31,89,0,0.0,12389.266666666666,0.0,0.0,0.0,36.1,38.0,0.9315459074987912,0.0,0.0,0.0,0.0,0,0.24383561643835616,4.499809670330265,0.0
2206E608DBCB,2025-01-01,2025-03-31,89,0,0.0,22283.12222222222,0.0,1.0,0.0,30.08888888888889,39.0,3.60753669248899,0.0,0.0,0.0,0.0,1,0.24383561643835616,4.499809670330265,5.0
2206E608DBCC,2025-01-01,2025-03-31,89,0,0.0,23455.777777777777,0.0,0.0,0.0,32.87777777777778,36.0,2.0211535637835576,0.0,0.0,0.0,0.0,0,0.24383561643835616,4.499809670330265,0.0
2206E608DC3A,2025-01-01,2025-03-31,89,0,0.0,20292.433333333334,0.0,0.0,0.0,37.13333333333333,40.0,1.0132456102380323,0.0,0.0,0.0,0.0,0,0.24383561643835616,4.499809670330265,0.0
2206E608DC8F,2025-01-01,2025-03-31,89,0,0.0,20511.344444444443,0.0,0.0,0.0,25.133333333333333,28.0,0.9568466729604888,0.0,0.0,0.0,0.0,0,0.24383561643835616,4.499809670330265,0.0
2206E608DC96,2025-01-01,2025-03-31,89,0,0.0,20621.744444444445,0.0,0.0,0.0,28.77777777777778,37.0,3.192970674527892,0.0,0.0,0.0,0.0,0,0.24383561643835616,4.499809670330265,0.0
2206E608DC9A,2025-01-01,2025-03-31,89,0,0.0,22157.722222222223,0.0,0.0,0.0,28.677777777777777,39.0,3.5050052394247766,0.0,0.0,0.0,0.0,0,0.24383561643835616,4.499809670330265,0.0
2206E608DC9D,2025-01-01,2025-03-31,89,0,0.0,22113.633333333335,0.0,0.0,0.0,27.966666666666665,36.0,2.5623340054636996,0.0,0.0,0.0,0.0,0,0.24383561643835616,4.499809670330265,0.0
2206E608DC9F,2025-01-01,2025-03-31,89,0,0.0,20672.022222222222,0.0,1.0,0.0,39.13333333333333,41.0,0.7483314773549037,0.0,0.0,0.0,0.0,1,0.24383561643835616,4.499809670330265,5.0
2206E608DCA0,2025-01-01,2025-03-31,89,0,0.0,21937.433333333334,0.0,0.0,0.0,38.833333333333336,42.0,1.6616591440818187,0.0,0.0,0.0,0.0,0,0.24383561643835616,4.499809670330265,0.0
2206E608DCA2,2025-01-01,2025-03-31,89,0,0.0,20174.37777777778,0.0,0.0,0.0,40.333333333333336,43.0,0.8944271909997633,0.0,0.0,0.0,0.0,0,0.24383561643835616,4.499809670330265,0.0
2206E608DCA3,2025-01-01,2025-03-31,89,0,0.0,22220.3,0.0,0.0,0.0,31.455555555555556,40.0,4.091077312914887,0.0,0.0,0.0,0.0,0,0.24383561643835616,4.499809670330265,0.0
2206E608DCA6,2025-01-01,2025-03-31,89,0,0.0,12416.211111111112,0.0,0.0,0.0,38.58888888888889,40.0,1.1915857263368586,0.0,0.0,0.0,0.0,0,0.24383561643835616,4.499809670330265,0.0
2206E608DCA7,2025-01-01,2025-03-31,89,0,0.0,12406.777777777777,0.0,0.0,0.0,36.8,39.0,1.1566234381932614,0.0,0.0,0.0,0.0,0,0.24383561643835616,4.499809670330265,0.0
2206E608DCA9,2025-01-01,2025-03-31,89,0,0.0,20157.61111111111,0.0,0.0,0.0,38.03333333333333,39.0,0.34801021696396234,0.0,0.0,0.0,0.0,0,0.24383561643835616,4.499809670330265,0.0
2206E608DCFA,2025-01-01,2025-03-31,89,0,0.0,18580.38888888889,0.0,0.0,0.0,27.1,30.0,0.5385164807134166,0.0,0.0,0.0,0.0,0,0.24383561643835616,4.499809670330265,0.0
2206E608DCFB,2025-01-01,2025-03-31,89,0,0.0,21941.444444444445,0.0,0.0,0.0,39.766666666666666,44.0,1.0225241100119185,0.0,0.0,0.0,0.0,0,0.24383561643835616,4.499809670330265,0.0
2206E608DCFF,2025-01-01,2025-03-31,89,0,0.0,20643.366666666665,0.0,0.0,0.0,27.38888888888889,35.0,2.085369375458154,0.0,0.0,0.0,0.0,0,0.24383561643835616,4.499809670330265,0.0
2206E608DD01,2025-01-01,2025-03-31,89,0,0.0,22155.2,0.0,1.0,0.0,30.133333333333333,41.0,4.300387579432037,0.0,0.0,0.0,0.0,1,0.24383561643835616,4.499809670330265,5.0
2206E608DD02,2025-01-01,2025-03-31,89,0,0.0,12412.111111111111,0.0,0.0,0.0,32.7,38.0,1.0588253449511158,0.0,0.0,0.0,0.0,0,0.24383561643835616,4.499809670330265,0.0
2206E608DD04,2025-01-01,2025-03-31,89,0,0.0,22181.133333333335,0.0,1.0,0.0,27.844444444444445,37.0,2.555652172086681,0.0,0.0,0.0,0.0,1,0.24383561643835616,4.499809670330265,5.0
2206E608DD06,2025-01-01,2025-03-31,89,0,0.0,11853.288888888888,0.0,0.0,0.0,36.477777777777774,39.0,0.9687079341724574,0.0,0.0,0.0,0.0,0,0.24383561643835616,4.499809670330265,0.0
2206E608DD07,2025-01-01,2025-03-31,89,0,0.0,14056.555555555555,0.0,0.0,0.0,39.78888888888889,41.0,0.5476098457931711,0.0,0.0,0.0,0.0,0,0.24383561643835616,4.499809670330265,0.0
2206E608DD0C,2025-01-01,2025-03-31,89,0,0.0,12419.466666666667,0.0,0.0,0.0,33.9,38.0,2.352539998479243,0.0,0.0,0.0,0.0,0,0.24383561643835616,4.499809670330265,0.0
2206E608DD39,2025-01-01,2025-03-31,89,0,0.0,20606.67777777778,0.0,0.0,0.0,38.3,44.0,2.782684555125422,0.0,0.0,0.0,0.0,0,0.24383561643835616,4.499809670330265,0.0
2206E608DD46,2025-01-01,2025-03-31,89,0,0.0,12361.933333333332,0.0,0.0,0.0,37.9,41.0,0.8034647195464167,0.0,0.0,0.0,0.0,0,0.24383561643835616,4.499809670330265,0.0
2206E608DD48,2025-01-01,2025-03-31,89,0,0.0,20750.9,0.0,0.0,0.0,26.61111111111111,32.0,1.1897193361316147,0.0,0.0,0.0,0.0,0,0.24383561643835616,4.499809670330265,0.0
2207E60CC65A,2025-01-01,2025-03-31,89,0,0.0,17865.12222222222,0.0,0.0,0.0,35.922222222222224,38.0,3.0956161755250933,0.0,0.0,0.0,0.0,0,0.24383561643835616,4.499809670330265,0.0
2332E86B2533,2025-01-01,2025-03-31,89,0,0.0,9737.511111111111,0.0,0.0,0.0,34.48888888888889,36.0,0.7922463764435015,0.0,0.0,0.0,0.0,0,0.24383561643835616,4.499809670330265,0.0
2332E86B253B,2025-01-01,2025-03-31,89,0,0.0,9214.822222222223,0.0,0.0,0.0,25.81111111111111,27.0,0.4188461516661633,0.0,0.0,0.0,0.0,0,0.24383561643835616,4.499809670330265,0.0
2332E86B253C,2025-01-01,2025-03-31,89,0,0.0,9258.677777777777,0.0,0.0,0.0,26.7,43.0,2.0840665376454184,0.0,0.0,0.0,0.0,0,0.24383561643835616,4.499809670330265,0.0
2332E86B253E,2025-01-01,2025-03-31,89,0,0.0,10425.244444444445,0.0,0.0,0.0,37.78888888888889,40.0,1.7981128653516205,0.0,0.0,0.0,0.0,0,0.24383561643835616,4.499809670330265,0.0
2332E86B2542,2025-01-01,2025-03-31,89,0,0.0,9259.5,0.0,0.0,0.0,27.933333333333334,36.0,1.9078784028338878,0.0,0.0,0.0,0.0,0,0.24383561643835616,4.499809670330265,0.0
2332E86B2543,2025-01-01,2025-03-31,89,0,0.0,10446.333333333334,0.0,0.0,0.0,39.144444444444446,41.0,1.3128519516356636,0.0,0.0,0.0,0.0,0,0.24383561643835616,4.499809670330265,0.0
2332E86B2546,2025-01-01,2025-03-31,89,0,0.0,8104.288888888889,0.0,0.0,0.0,32.46666666666667,35.0,0.8192137151627796,0.0,0.0,0.0,0.0,0,0.24383561643835616,4.499809670330265,0.0
2332E86B2547,2025-01-01,2025-03-31,89,0,0.0,9304.044444444444,0.0,0.0,0.0,27.477777777777778,32.0,1.0977530361584495,0.0,0.0,0.0,0.0,0,0.24383561643835616,4.499809670330265,0.0
2332E86B2551,2025-01-01,2025-03-31,89,0,0.0,9311.944444444445,0.0,0.0,0.0,26.455555555555556,46.0,2.1142958434382453,0.0,0.0,0.0,0.0,0,0.24383561643835616,4.499809670330265,0.0
2332E86B255B,2025-01-01,2025-03-31,89,0,0.0,10476.244444444445,0.0,0.0,0.0,38.355555555555554,41.0,1.0573668669663272,0.0,0.0,0.0,0.0,0,0.24383561643835616,4.499809670330265,0.0
2332E86B2595,2025-01-01,2025-03-31,89,0,0.0,10444.044444444444,0.0,0.0,0.0,40.31111111111111,46.0,1.1119996447286178,0.0,0.0,0.0,0.0,0,0.24383561643835616,4.499809670330265,0.0
2332E86B2599,2025-01-01,2025-03-31,89,0,0.0,9251.41111111111,0.0,0.0,0.0,26.07777777777778,29.0,0.42759736455308117,0.0,0.0,0.0,0.0,0,0.24383561643835616,4.499809670330265,0.0
2332E86B259B,2025-01-01,2025-03-31,89,0,0.0,9786.18888888889,0.0,0.0,0.0,30.066666666666666,35.0,1.665332799572934,0.0,0.0,0.0,0.0,0,0.24383561643835616,4.499809670330265,0.0
2332E86B259C,2025-01-01,2025-03-31,89,0,0.0,9168.566666666668,0.0,0.0,0.0,29.6,32.0,0.8919392106839111,0.0,0.0,0.0,0.0,0,0.24383561643835616,4.499809670330265,0.0
2332E86B25A1,2025-01-01,2025-03-31,89,0,0.0,10440.888888888889,0.0,0.0,0.0,40.077777777777776,43.0,0.8330369843435192,0.0,0.0,0.0,0.0,0,0.24383561643835616,4.499809670330265,0.0
2332E86B25A6,2025-01-01,2025-03-31,89,0,0.0,8538.433333333332,0.0,0.0,0.0,26.38888888888889,31.0,0.9965991553996185,0.0,0.0,0.0,0.0,0,0.24383561643835616,4.499809670330265,0.0
2332E86B25A7,2025-01-01,2025-03-31,89,0,0.0,8710.433333333332,0.0,0.0,0.0,33.2,37.0,1.627540748764429,0.0,0.0,0.0,0.0,0,0.24383561643835616,4.499809670330265,0.0
2332E86B25E4,2025-01-01,2025-03-31,89,0,0.0,10452.944444444445,0.0,0.0,0.0,36.0,41.0,1.4142135623730951,0.0,0.0,0.0,0.0,0,0.24383561643835616,4.499809670330265,0.0
2332E86B25F0,2025-01-01,2025-03-31,89,0,0.0,8499.766666666666,0.0,0.0,0.0,36.96666666666667,38.0,0.9122621455601847,0.0,0.0,0.0,0.0,0,0.24383561643835616,4.499809670330265,0.0
2332E86B25F5,2025-01-01,2025-03-31,89,0,0.0,10412.522222222222,0.0,0.0,0.0,40.05555555555556,43.0,0.8989019364523511,0.0,0.0,0.0,0.0,0,0.24383561643835616,4.499809670330265,0.0
2332E86B25F8,2025-01-01,2025-03-31,89,0,0.0,10448.377777777778,0.0,0.0,0.0,34.111111111111114,39.0,2.6476171443790086,0.0,0.0,0.0,0.0,0,0.24383561643835616,4.499809670330265,0.0
2332E86B25F9,2025-01-01,2025-03-31,89,0,0.0,9204.833333333334,0.0,0.0,0.0,36.333333333333336,40.0,0.9775252199075443,0.0,0.0,0.0,0.0,0,0.24383561643835616,4.499809670330265,0.0
2332E86B25FA,2025-01-01,2025-03-31,89,0,0.0,10431.5,0.0,0.0,0.0,39.766666666666666,42.0,0.7156970184528945,0.0,0.0,0.0,0.0,0,0.24383561643835616,4.499809670330265,0.0
2332E86B25FC,2025-01-01,2025-03-31,89,0,0.0,8047.444444444444,0.0,0.0,0.0,26.38888888888889,28.0,0.6445402227677106,0.0,0.0,0.0,0.0,0,0.24383561643835616,4.499809670330265,0.0
2332E86B25FD,2025-01-01,2025-03-31,89,0,0.0,9291.122222222222,0.0,0.0,0.0,25.733333333333334,28.0,0.7859884081700864,0.0,0.0,0.0,0.0,0,0.24383561643835616,4.499809670330265,0.0
2332E86B25FE,2025-01-01,2025-03-31,89,0,0.0,9262.033333333333,0.0,0.0,0.0,35.94444444444444,40.0,1.6422282363444964,0.0,0.0,0.0,0.0,0,0.24383561643835616,4.499809670330265,0.0
2332E86B25FF,2025-01-01,2025-03-31,89,0,0.0,9307.666666666666,0.0,0.0,0.0,25.966666666666665,26.0,0.17950549357117407,0.0,0.0,0.0,0.0,0,0.24383561643835616,4.499809670330265,0.0
2332E86B2602,2025-01-01,2025-03-31,89,0,0.0,9298.644444444444,0.0,0.0,0.0,29.755555555555556,32.0,1.0361371757222078,0.0,0.0,0.0,0.0,0,0.24383561643835616,4.499809670330265,0.0
2332E86B2606,2025-01-01,2025-03-31,89,0,0.0,9295.722222222223,0.0,0.0,0.0,26.244444444444444,32.0,1.0034508359889822,0.0,0.0,0.0,0.0,0,0.24383561643835616,4.499809670330265,0.0
2332E86B2607,2025-01-01,2025-03-31,89,0,0.0,10378.1,0.0,0.0,0.0,39.98888888888889,46.0,1.0381013057441342,0.0,0.0,0.0,0.0,0,0.24383561643835616,4.499809670330265,0.0
2332E86B2609,2025-01-01,2025-03-31,89,0,0.0,10435.9,0.0,0.0,0.0,38.41111111111111,41.0,1.020832388510475,0.0,0.0,0.0,0.0,0,0.24383561643835616,4.499809670330265,0.0
2332E86B260D,2025-01-01,2025-03-31,89,0,0.0,9299.577777777778,0.0,0.0,0.0,26.11111111111111,31.0,0.5858411700651087,0.0,0.0,0.0,0.0,0,0.24383561643835616,4.499809670330265,0.0
2332E86B2615,2025-01-01,2025-03-31,89,0,0.0,8592.477777777778,0.0,0.0,0.0,32.74444444444445,35.0,1.810838425279572,0.0,0.0,0.0,0.0,0,0.24383561643835616,4.499809670330265,0.0
2332E86B2616,2025-01-01,2025-03-31,89,0,0.0,9206.966666666667,0.0,0.0,0.0,26.61111111111111,27.0,0.7256329718780259,0.0,0.0,0.0,0.0,0,0.24383561643835616,4.499809670330265,0.0
2332E86B2853,2025-01-01,2025-03-31,89,0,0.0,10396.1,0.0,0.0,0.0,37.577777777777776,42.0,1.8072556098976296,0.0,0.0,0.0,0.0,0,0.24383561643835616,4.499809670330265,0.0
2332E86B2857,2025-01-01,2025-03-31,89,0,0.0,10405.355555555556,0.0,0.0,0.0,39.166666666666664,42.0,1.1180339887499966,0.0,0.0,0.0,0.0,0,0.24383561643835616,4.499809670330265,0.0
2332E86B2858,2025-01-01,2025-03-31,89,0,0.0,9308.488888888889,0.0,0.0,0.0,26.07777777777778,28.0,0.30651364942491705,0.0,0.0,0.0,0.0,0,0.24383561643835616,4.499809670330265,0.0
2332E86B2859,2025-01-01,2025-03-31,89,0,0.0,9276.988888888889,0.0,0.0,0.0,26.955555555555556,41.0,2.1955060723168733,0.0,0.0,0.0,0.0,0,0.24383561643835616,4.499809670330265,0.0
2332E86B285A,2025-01-01,2025-03-31,89,0,0.0,9375.955555555556,0.0,0.0,0.0,26.1,32.0,0.7000000000000065,0.0,0.0,0.0,0.0,0,0.24383561643835616,4.499809670330265,0.0
2332E86B285D,2025-01-01,2025-03-31,89,0,0.0,8700.81111111111,0.0,0.0,0.0,26.355555555555554,32.0,0.9226906440901098,0.0,0.0,0.0,0.0,0,0.24383561643835616,4.499809670330265,0.0
2332E86B2860,2025-01-01,2025-03-31,89,0,0.0,8417.988888888889,0.0,0.0,0.0,33.888888888888886,41.0,3.0711722135745383,0.0,0.0,0.0,0.0,0,0.24383561643835616,4.499809670330265,0.0
2332E86B304C,2025-01-01,2025-03-31,89,0,0.0,9293.077777777778,0.0,0.0,0.0,25.0,45.0,2.3237900077244453,0.0,0.0,0.0,0.0,0,0.24383561643835616,4.499809670330265,0.0
2332E86B3050,2025-01-01,2025-03-31,89,0,0.0,9243.633333333333,0.0,0.0,0.0,26.77777777777778,45.0,2.184682930352314,0.0,0.0,0.0,0.0,0,0.24383561643835616,4.499809670330265,0.0
2332E86B3051,2025-01-01,2025-03-31,89,0,0.0,10418.611111111111,0.0,0.0,0.0,37.5,41.0,1.5147423690002468,0.0,0.0,0.0,0.0,0,0.24383561643835616,4.499809670330265,0.0
2332E86B3053,2025-01-01,2025-03-31,89,0,0.0,9321.611111111111,0.0,0.0,0.0,29.333333333333332,32.0,0.8299933065326385,0.0,0.0,0.0,0.0,0,0.24383561643835616,4.499809670330265,0.0
2332E86B3054,2025-01-01,2025-03-31,89,0,0.0,9305.455555555556,0.0,0.0,0.0,27.133333333333333,45.0,2.654974366898649,0.0,0.0,0.0,0.0,0,0.24383561643835616,4.499809670330265,0.0
2332E86B3058,2025-01-01,2025-03-31,89,0,0.0,10447.622222222222,0.0,0.0,0.0,37.82222222222222,40.0,0.768516287368362,0.0,0.0,0.0,0.0,0,0.24383561643835616,4.499809670330265,0.0
2332E86B3059,2025-01-01,2025-03-31,89,0,0.0,10425.58888888889,0.0,0.0,0.0,37.922222222222224,40.0,1.166455007255073,0.0,0.0,0.0,0.0,0,0.24383561643835616,4.499809670330265,0.0
2332E86B305A,2025-01-01,2025-03-31,89,0,0.0,9193.655555555555,0.0,0.0,0.0,26.91111111111111,34.0,1.5961373126982852,0.0,0.0,0.0,0.0,0,0.24383561643835616,4.499809670330265,0.0
2332E86B305B,2025-01-01,2025-03-31,89,0,1.0,9255.477777777778,0.0,0.0,0.0,27.122222222222224,32.0,1.2094790226261996,0.0,0.0,0.0,0.0,0,0.24383561643835616,4.499809670330265,10.0
2332E86B305C,2025-01-01,2025-03-31,89,0,0.0,5361.555555555556,0.0,0.0,0.0,25.822222222222223,26.0,0.382325567424031,0.0,0.0,0.0,0.0,0,0.24383561643835616,4.499809670330265,0.0
2332E86B305D,2025-01-01,2025-03-31,89,0,0.0,10419.0,0.0,0.0,0.0,37.12222222222222,40.0,1.1721563962561516,0.0,0.0,0.0,0.0,0,0.24383561643835616,4.499809670330265,0.0
2332E86B305E,2025-01-01,2025-03-31,89,0,0.0,5272.366666666667,0.0,0.0,0.0,28.544444444444444,31.0,0.8839445823643989,0.0,0.0,0.0,0.0,0,0.24383561643835616,4.499809670330265,0.0
2332E86B305F,2025-01-01,2025-03-31,89,0,0.0,9467.644444444444,0.0,0.0,0.0,38.9,41.0,1.5423647068346549,0.0,0.0,0.0,0.0,0,0.24383561643835616,4.499809670330265,0.0
2340E87B8782,2025-01-01,2025-03-31,89,0,0.0,3017.4222222222224,0.0,0.0,0.0,36.96666666666667,38.0,0.9712534856222576,0.0,0.0,0.0,0.0,0,0.24383561643835616,4.499809670330265,0.0
2340E87B8EF2,2025-01-01,2025-03-31,89,0,0.0,3546.277777777778,0.0,0.0,0.0,28.211111111111112,31.0,0.65818680976077,0.0,0.0,0.0,0.0,0,0.24383561643835616,4.499809670330265,0.0
2340E87B92B5,2025-01-01,2025-03-31,89,0,0.0,4434.9111111111115,0.0,0.0,0.0,36.96666666666667,43.0,1.8223915910448891,0.0,0.0,0.0,0.0,0,0.24383561643835616,4.499809670330265,0.0
2340E87BA1D7,2025-01-01,2025-03-31,89,0,0.0,1719.0333333333333,0.0,0.0,0.0,25.822222222222223,27.0,0.41035967361370584,0.0,0.0,0.0,0.0,0,0.24383561643835616,4.499809670330265,0.0
2340E87BA1F5,2025-01-01,2025-03-31,89,0,0.0,2489.0666666666666,0.0,0.0,0.0,38.13333333333333,40.0,1.137248140615448,0.0,0.0,0.0,0.0,0,0.24383561643835616,4.499809670330265,0.0
2351E88B3A6E,2025-01-01,2025-03-31,89,0,0.0,6993.033333333334,0.0,0.0,0.0,26.1,28.0,0.3958114029012275,0.0,0.0,0.0,0.0,0,0.24383561643835616,4.499809670330265,0.0
2351E88B3C0C,2025-01-01,2025-03-31,89,0,0.0,7590.7,0.0,0.0,0.0,26.72222222222222,34.0,1.3252067157640859,0.0,0.0,0.0,0.0,0,0.24383561643835616,4.499809670330265,0.0
2351E88B3C0E,2025-01-01,2025-03-31,89,0,0.0,7562.7,0.0,0.0,0.0,26.92222222222222,32.0,1.1759419654782712,0.0,0.0,0.0,0.0,0,0.24383561643835616,4.499809670330265,0.0
2351E88B3C0F,2025-01-01,2025-03-31,89,0,0.0,4806.4111111111115,0.0,0.0,0.0,34.37777777777778,54.0,3.8139445249644064,0.0,0.0,0.0,0.0,0,0.24383561643835616,4.499809670330265,4.0
2351E88B3C10,2025-01-01,2025-03-31,89,0,0.0,7580.444444444444,0.0,0.0,0.0,27.31111111111111,31.0,1.0289632802480206,0.0,0.0,0.0,0.0,0,0.24383561643835616,4.499809670330265,0.0
2351E88B3C13,2025-01-01,2025-03-31,89,0,0.0,7741.8,0.0,0.0,0.0,27.144444444444446,29.0,0.824096961812802,0.0,0.0,0.0,0.0,0,0.24383561643835616,4.499809670330265,0.0
2351E88B3C15,2025-01-01,2025-03-31,89,0,0.0,7594.133333333333,0.0,0.0,0.0,26.0,26.0,0.0,0.0,0.0,0.0,0.0,0,0.24383561643835616,4.499809670330265,0.0
2351E88B3C17,2025-01-01,2025-03-31,89,0,0.0,6615.3,0.0,0.0,0.0,31.57777777777778,34.0,0.8296957645597144,0.0,0.0,0.0,0.0,0,0.24383561643835616,4.499809670330265,0.0
2351E88B3C1C,2025-01-01,2025-03-31,89,0,0.0,7585.066666666667,0.0,0.0,0.0,29.966666666666665,33.0,1.0376254944183014,0.0,0.0,0.0,0.0,0,0.24383561643835616,4.499809670330265,0.0
2351E88B3C20,2025-01-01,2025-03-31,89,0,0.0,7564.1,0.0,0.0,0.0,26.11111111111111,27.0,0.3142696805274795,0.0,0.0,0.0,0.0,0,0.24383561643835616,4.499809670330265,0.0
2351E88B3C4B,2025-01-01,2025-03-31,89,0,0.0,5053.666666666667,0.0,0.0,0.0,29.07777777777778,32.0,0.5212757380328574,0.0,0.0,0.0,0.0,0,0.24383561643835616,4.499809670330265,0.0
2351E88B3C52,2025-01-01,2025-03-31,89,0,0.0,7209.966666666666,0.0,0.0,0.0,39.37777777777778,40.0,0.48483164953913593,0.0,0.0,0.0,0.0,0,0.24383561643835616,4.499809670330265,0.0
2351E88B3C53,2025-01-01,2025-03-31,89,0,0.0,7562.333333333333,0.0,0.0,0.0,26.133333333333333,29.0,0.42687494916217333,0.0,0.0,0.0,0.0,0,0.24383561643835616,4.499809670330265,0.0
2351E88B3C5A,2025-01-01,2025-03-31,89,0,0.0,7577.822222222222,0.0,0.0,0.0,26.655555555555555,30.0,0.6693464658591349,0.0,0.0,0.0,0.0,0,0.24383561643835616,4.499809670330265,0.0
2351E88B3C71,2025-01-01,2025-03-31,89,0,0.0,7565.688888888889,0.0,0.0,0.0,26.7,27.0,0.5044248650140103,0.0,0.0,0.0,0.0,0,0.24383561643835616,4.499809670330265,0.0
2351E88B3C72,2025-01-01,2025-03-31,89,0,0.0,7598.2,0.0,0.0,0.0,34.888888888888886,37.0,1.079551804577102,0.0,0.0,0.0,0.0,0,0.24383561643835616,4.499809670330265,0.0
2351E88B3C7B,2025-01-01,2025-03-31,89,0,0.0,7588.577777777778,0.0,0.0,0.0,26.6,30.0,0.8793937305515159,0.0,0.0,0.0,0.0,0,0.24383561643835616,4.499809670330265,0.0
2351E88B3C7C,2025-01-01,2025-03-31,89,0,0.0,7599.566666666667,0.0,0.0,0.0,27.511111111111113,31.0,1.3682466025655033,0.0,0.0,0.0,0.0,0,0.24383561643835616,4.499809670330265,0.0
2351E88B3C80,2025-01-01,2025-03-31,89,0,0.0,7557.7444444444445,0.0,0.0,0.0,27.566666666666666,33.0,1.3988090172237926,0.0,0.0,0.0,0.0,0,0.24383561643835616,4.499809670330265,0.0
2351E88B3C88,2025-01-01,2025-03-31,89,0,0.0,7188.2444444444445,0.0,0.0,0.0,31.07777777777778,32.0,0.8592991689326815,0.0,0.0,0.0,0.0,0,0.24383561643835616,4.499809670330265,0.0
2351E88B3C89,2025-01-01,2025-03-31,89,0,0.0,7552.266666666666,0.0,0.0,0.0,26.333333333333332,32.0,0.9660917830793273,0.0,0.0,0.0,0.0,0,0.24383561643835616,4.499809670330265,0.0
2351E88B3C8B,2025-01-01,2025-03-31,89,0,0.0,7561.9111111111115,0.0,0.0,0.0,28.355555555555554,33.0,1.5727619803751522,0.0,0.0,0.0,0.0,0,0.24383561643835616,4.499809670330265,0.0
2351E88B3C8C,2025-01-01,2025-03-31,89,0,0.0,7572.422222222222,0.0,0.0,0.0,26.033333333333335,28.0,0.23333333333314601,0.0,0.0,0.0,0.0,0,0.24383561643835616,4.499809670330265,0.0
2351E88B3C94,2025-01-01,2025-03-31,89,0,0.0,7564.822222222222,0.0,0.0,0.0,26.566666666666666,29.0,0.843932593411453,0.0,0.0,0.0,0.0,0,0.24383561643835616,4.499809670330265,0.0
2351E88B3C95,2025-01-01,2025-03-31,89,0,0.0,7602.611111111111,0.0,0.0,0.0,27.022222222222222,32.0,1.4680128502145817,0.0,0.0,0.0,0.0,0,0.24383561643835616,4.499809670330265,0.0
2351E88B3C97,2025-01-01,2025-03-31,89,0,0.0,5587.7444444444445,0.0,0.0,0.0,30.988888888888887,34.0,3.0677333088652032,0.0,0.0,0.0,0.0,0,0.24383561643835616,4.499809670330265,0.0
2351E88B3C99,2025-01-01,2025-03-13,71,0,0.0,7638.583333333333,0.0,0.0,0.0,30.52777777777778,34.0,2.6924391163147336,0.0,0.0,0.0,0.0,0,0.19452054794520549,4.276666119016055,0.0
2351E88B3E34,2025-01-01,2025-03-31,89,0,0.0,7119.7,0.0,0.0,0.0,32.266666666666666,36.0,0.5925462944876922,0.0,0.0,0.0,0.0,0,0.24383561643835616,4.499809670330265,0.0
2351E88B3E39,2025-01-01,2025-03-31,89,0,0.0,7556.433333333333,0.0,0.0,0.0,26.655555555555555,27.0,0.4751867728965408,0.0,0.0,0.0,0.0,0,0.24383561643835616,4.499809670330265,0.0
2351E88B3E50,2025-01-01,2025-03-31,89,0,0.0,7555.022222222222,0.0,0.0,0.0,26.766666666666666,30.0,1.0959521481849095,0.0,0.0,0.0,0.0,0,0.24383561643835616,4.499809670330265,0.0
2351E88B3EEC,2025-01-01,2025-03-31,89,0,0.0,5043.177777777778,0.0,0.0,0.0,41.17777777777778,43.0,0.5883645464388152,0.0,0.0,0.0,0.0,0,0.24383561643835616,4.499809670330265,0.0
2402E88D6AB5,2025-01-01,2025-03-31,89,0,0.0,6573.444444444444,0.0,0.0,0.0,36.82222222222222,40.0,1.5171448167731625,0.0,0.0,0.0,0.0,0,0.24383561643835616,4.499809670330265,0.0
2402E88D6AB6,2025-01-01,2025-03-31,89,0,0.0,1976.2333333333333,0.0,0.0,0.0,27.677777777777777,29.0,0.6803230895485913,0.0,0.0,0.0,0.0,0,0.24383561643835616,4.499809670330265,0.0
2402E88D6AC0,2025-01-01,2025-03-31,89,0,0.0,3803.9222222222224,0.0,0.0,0.0,31.38888888888889,33.0,0.9030127899235023,0.0,0.0,0.0,0.0,0,0.24383561643835616,4.499809670330265,0.0
2407E896B5BA,2025-01-01,2025-03-31,89,0,0.0,3108.9222222222224,0.0,0.0,0.0,27.9,44.0,2.055075018906453,0.0,0.0,0.0,0.0,0,0.24383561643835616,4.499809670330265,0.0
2407E896B5CC,2025-01-01,2025-03-31,89,0,0.0,6818.055555555556,0.0,0.0,0.0,31.555555555555557,36.0,1.4307038758061443,0.0,0.0,0.0,0.0,0,0.24383561643835616,4.499809670330265,0.0
2407E896B5D3,2025-01-01,2025-03-31,89,0,0.0,5982.0888888888885,0.0,0.0,0.0,28.044444444444444,34.0,1.7695643601438729,0.0,0.0,0.0,0.0,0,0.24383561643835616,4.499809670330265,0.0
2407E896B5EA,2025-01-01,2025-03-31,89,0,0.0,6585.522222222222,0.0,0.0,0.0,31.22222222222222,37.0,1.9594657876164852,0.0,0.0,0.0,0.0,0,0.24383561643835616,4.499809670330265,0.0
2407E896B5F2,2025-01-01,2025-03-31,89,0,0.0,4080.811111111111,0.0,0.0,0.0,26.177777777777777,31.0,0.6249938271300226,0.0,0.0,0.0,0.0,0,0.24383561643835616,4.499809670330265,0.0
2407E896B5F8,2025-01-01,2025-03-31,89,0,0.0,6874.633333333333,0.0,0.0,0.0,31.677777777777777,35.0,1.9766850914137533,0.0,0.0,0.0,0.0,0,0.24383561643835616,4.499809670330265,0.0
2407E896B67D,2025-01-01,2025-03-13,71,0,0.0,2301.972222222222,0.0,0.0,0.0,26.98611111111111,28.0,0.7726767247611672,0.0,0.0,0.0,0.0,0,0.19452054794520549,4.276666119016055,0.0
2407E896B68A,2025-01-01,2025-03-31,89,0,0.0,6590.711111111111,0.0,0.0,0.0,29.22222222222222,39.0,2.835402294708731,0.0,0.0,0.0,0.0,0,0.24383561643835616,4.499809670330265,0.0
2407E896B692,2025-01-01,2025-03-31,89,0,0.0,1726.3666666666666,0.0,0.0,0.0,27.0,28.0,0.2981423969998999,0.0,0.0,0.0,0.0,0,0.24383561643835616,4.499809670330265,0.0
2407E896B69D,2025-01-01,2025-03-31,89,0,0.0,4192.077777777778,0.0,0.0,0.0,36.3,39.0,0.808977406634207,0.0,0.0,0.0,0.0,0,0.24383561643835616,4.499809670330265,0.0
2407E896B6CA,2025-01-01,2025-03-31,89,0,0.0,4796.933333333333,0.0,0.0,0.0,31.044444444444444,34.0,0.5559998223643601,0.0,0.0,0.0,0.0,0,0.24383561643835616,4.499809670330265,0.0
2407E896B6CB,2025-01-01,2025-03-31,89,0,0.0,4234.7444444444445,0.0,0.0,0.0,33.32222222222222,37.0,1.3066307629231904,0.0,0.0,0.0,0.0,0,0.24383561643835616,4.499809670330265,0.0
2407E896B6D0,2025-01-01,2025-03-31,89,0,0.0,5423.433333333333,0.0,0.0,0.0,26.177777777777777,29.0,0.5072316538006149,0.0,0.0,0.0,0.0,0,0.24383561643835616,4.499809670330265,0.0
2407E896B6D2,2025-01-01,2025-03-31,89,0,0.0,6737.078651685393,0.0,0.0,0.0,26.0,26.0,0.0,0.0,0.0,0.0,0.0,0,0.24383561643835616,4.499809670330265,0.0
2407E896B6D4,2025-01-01,2025-03-13,71,0,0.0,4446.097222222223,0.0,0.0,0.0,26.13888888888889,28.0,0.6933324430193551,0.0,0.0,0.0,0.0,0,0.19452054794520549,4.276666119016055,0.0
2407E896B6F6,2025-01-01,2025-03-31,89,0,0.0,3750.322222222222,0.0,0.0,0.0,29.977777777777778,33.0,1.8010970593735323,0.0,0.0,0.0,0.0,0,0.24383561643835616,4.499809670330265,0.0
2417E8AABD20,2025-01-01,2025-03-31,89,0,0.0,3605.4333333333334,0.0,0.0,0.0,33.12222222222222,37.0,1.7877843380861935,0.0,0.0,0.0,0.0,0,0.24383561643835616,4.499809670330265,0.0
2417E8AABD2E,2025-01-01,2025-03-31,89,0,0.0,2102.8888888888887,0.0,0.0,0.0,25.977777777777778,26.0,0.14740554623792218,0.0,0.0,0.0,0.0,0,0.24383561643835616,4.499809670330265,0.0
2417E8AABD2F,2025-01-01,2025-03-31,89,0,0.0,2047.9222222222222,0.0,0.0,0.0,33.58888888888889,34.0,0.49203532945515915,0.0,0.0,0.0,0.0,0,0.24383561643835616,4.499809670330265,0.0
2417E8AABF47,2025-01-01,2025-03-31,89,0,0.0,2650.4666666666667,0.0,0.0,0.0,26.011111111111113,27.0,0.10482201257771634,0.0,0.0,0.0,0.0,0,0.24383561643835616,4.499809670330265,0.0
2133E5C0B574,2025-01-01,2025-03-31,89,0,0.0,12539.933333333332,0.0,0.0,0.0,39.18888888888889,43.0,0.9176593951090765,0.0,0.0,0.0,0.0,0,0.24383561643835616,4.499809670330265,0.0
2133E5C0B584,2025-01-01,2025-03-31,89,0,0.0,18218.28888888889,0.0,1.0,0.0,40.4,42.0,0.5537749241946971,0.0,0.0,0.0,0.0,1,0.24383561643835616,4.499809670330265,5.0
2133E5C0B585,2025-01-01,2025-03-31,89,0,0.0,21855.7,0.0,0.0,0.0,38.77777777777778,41.0,0.5533288710215307,0.0,0.0,0.0,0.0,0,0.24383561643835616,4.499809670330265,0.0
2133E5C0B588,2025-01-01,2025-03-31,89,0,0.0,21837.11111111111,0.0,0.0,0.0,37.34444444444444,40.0,0.9328702554913832,0.0,0.0,0.0,0.0,0,0.24383561643835616,4.499809670330265,0.0
2133E5C0B595,2025-01-01,2025-03-31,89,0,0.0,17544.544444444444,0.0,0.0,0.0,39.27777777777778,40.0,0.5583264233955472,0.0,0.0,0.0,0.0,0,0.24383561643835616,4.499809670330265,0.0
2133E5C0B5A2,2025-01-01,2025-03-31,89,0,0.0,18250.222222222223,0.0,0.0,0.0,37.266666666666666,41.0,1.3727506854649165,0.0,0.0,0.0,0.0,0,0.24383561643835616,4.499809670330265,0.0
2140E5D8CF21,2025-01-01,2025-03-31,89,0,0.0,23629.066666666666,0.0,1.0,0.0,28.344444444444445,36.0,1.4919123530340899,0.0,0.0,0.0,0.0,1,0.24383561643835616,4.499809670330265,5.0
2140E5D8CF22,2025-01-01,2025-03-31,89,0,0.0,26138.81111111111,0.0,0.0,0.0,35.855555555555554,38.0,0.5283330412431416,0.0,0.0,0.0,0.0,0,0.24383561643835616,4.499809670330265,0.0
2140E5D8CF25,2025-01-01,2025-03-31,89,0,0.0,18192.411111111112,0.0,1.0,0.0,41.21111111111111,43.0,0.6581868097609428,0.0,0.0,0.0,0.0,1,0.24383561643835616,4.499809670330265,5.0
2140E5D8CF26,2025-01-01,2025-03-31,89,0,0.0,18205.911111111112,0.0,0.0,0.0,41.06666666666667,42.0,0.742368581710383,0.0,0.0,0.0,0.0,0,0.24383561643835616,4.499809670330265,0.0
2140E5D8CF28,2025-01-01,2025-03-31,89,0,0.0,18118.88888888889,0.0,0.0,0.0,40.36666666666667,43.0,0.8225975119501068,0.0,0.0,0.0,0.0,0,0.24383561643835616,4.499809670330265,0.0
2140E5D8CF2C,2025-01-01,2025-03-31,89,0,0.0,26638.644444444446,0.0,0.0,0.0,38.55555555555556,40.0,0.5397759022884984,0.0,0.0,0.0,0.0,0,0.24383561643835616,4.499809670330265,0.0
2140E5D8CF2E,2025-01-01,2025-03-31,89,0,0.0,19748.2,0.0,0.0,0.0,39.611111111111114,42.0,0.8653123321081702,0.0,0.0,0.0,0.0,0,0.24383561643835616,4.499809670330265,0.0
2140E5D8CF31,2025-01-01,2025-03-31,89,0,0.0,28236.911111111112,0.0,0.0,0.0,35.56666666666667,37.0,0.6333333333331052,0.0,0.0,0.0,0.0,0,0.24383561643835616,4.499809670330265,0.0
2140E5D8CF35,2025-01-01,2025-03-31,89,0,0.0,28127.4,0.0,1.0,0.0,36.666666666666664,39.0,0.6324555320337477,0.0,0.0,0.0,0.0,1,0.24383561643835616,4.499809670330265,5.0
2140E5D8CF38,2025-01-01,2025-03-31,89,0,0.0,26120.68888888889,0.0,0.0,0.0,36.166666666666664,40.0,1.7654083569154158,0.0,0.0,0.0,0.0,0,0.24383561643835616,4.499809670330265,0.0
2140E5D8CF47,2025-01-01,2025-03-31,89,0,0.0,28114.51111111111,0.0,0.0,0.0,36.31111111111111,39.0,0.5704665623553513,0.0,0.0,0.0,0.0,0,0.24383561643835616,4.499809670330265,0.0
2140E5D8CF4A,2025-01-01,2025-03-31,89,0,0.0,26709.722222222223,0.0,1.0,0.0,39.43333333333333,40.0,0.4955356249110033,0.0,0.0,0.0,0.0,1,0.24383561643835616,4.499809670330265,5.0
2140E5D8CF4C,2025-01-01,2025-03-31,89,0,0.0,21824.933333333334,0.0,0.0,0.0,38.03333333333333,40.0,0.4068851871914041,0.0,0.0,0.0,0.0,0,0.24383561643835616,4.499809670330265,0.0
2140E5D8CF4E,2025-01-01,2025-03-31,89,0,0.0,19801.2,0.0,0.0,0.0,41.78888888888889,44.0,0.7070194786635415,0.0,0.0,0.0,0.0,0,0.24383561643835616,4.499809670330265,0.0
2140E5D8CF51,2025-01-01,2025-03-31,89,0,0.0,28123.62222222222,0.0,0.0,0.0,34.27777777777778,36.0,0.6671294689899974,0.0,0.0,0.0,0.0,0,0.24383561643835616,4.499809670330265,0.0
2140E5D8CF52,2025-01-01,2025-03-31,89,0,0.0,26076.7,0.0,0.0,0.0,35.44444444444444,38.0,0.6685159536218476,0.0,0.0,0.0,0.0,0,0.24383561643835616,4.499809670330265,0.0
2140E5D8CF54,2025-01-01,2025-03-31,89,0,0.0,28131.62222222222,0.0,1.0,0.0,32.922222222222224,34.0,0.42759736455308117,0.0,0.0,0.0,0.0,1,0.24383561643835616,4.499809670330265,5.0
2140E5D8CF55,2025-01-01,2025-03-31,89,0,0.0,26708.62222222222,0.0,0.0,0.0,38.044444444444444,40.0,0.514481640124038,0.0,0.0,0.0,0.0,0,0.24383561643835616,4.499809670330265,0.0
2140E5D8CF57,2025-01-01,2025-03-31,89,0,0.0,28114.833333333332,0.0,0.0,0.0,38.44444444444444,40.0,0.5187830013302636,0.0,0.0,0.0,0.0,0,0.24383561643835616,4.499809670330265,0.0
2140E5D8CF59,2025-01-01,2025-03-31,89,0,0.0,28227.588888888888,0.0,1.0,0.0,37.84444444444444,41.0,0.7733205618359084,0.0,0.0,0.0,0.0,1,0.24383561643835616,4.499809670330265,5.0
2140E5D8CF5E,2025-01-01,2025-03-31,89,0,0.0,26074.833333333332,0.0,0.0,0.0,34.1,37.0,0.6333333333332847,0.0,0.0,0.0,0.0,0,0.24383561643835616,4.499809670330265,0.0
2140E5D8CF62,2025-01-01,2025-03-31,89,0,0.0,24781.444444444445,0.0,0.0,0.0,37.43333333333333,38.0,0.5174724898753917,0.0,0.0,0.0,0.0,0,0.24383561643835616,4.499809670330265,0.0
2140E5D8CF64,2025-01-01,2025-03-31,89,0,0.0,28228.266666666666,0.0,0.0,0.0,35.833333333333336,37.0,0.7187952884280921,0.0,0.0,0.0,0.0,0,0.24383561643835616,4.499809670330265,0.0
2140E5D8D094,2025-01-01,2025-03-31,89,0,0.0,28087.222222222223,0.0,0.0,0.0,38.55555555555556,41.0,0.5794846582400737,0.0,0.0,0.0,0.0,0,0.24383561643835616,4.499809670330265,0.0
2140E5D8D7F6,2025-01-01,2025-03-31,89,0,0.0,28220.955555555556,0.0,0.0,0.0,29.333333333333332,33.0,0.9545214042185056,0.0,0.0,0.0,0.0,0,0.24383561643835616,4.499809670330265,0.0
2140E5D8D861,2025-01-01,2025-03-31,89,0,0.0,26683.077777777777,0.0,0.0,0.0,37.855555555555554,41.0,0.6066503864318883,0.0,0.0,0.0,0.0,0,0.24383561643835616,4.499809670330265,0.0
2140E5D8E111,2025-01-01,2025-03-31,89,0,0.0,28221.5,0.0,0.0,0.0,34.06666666666667,36.0,0.6633249580709497,0.0,0.0,0.0,0.0,0,0.24383561643835616,4.499809670330265,0.0
2140E5D8E112,2025-01-01,2025-03-31,89,0,0.0,28128.18888888889,0.0,0.0,0.0,37.77777777777778,39.0,0.4893936787899728,0.0,0.0,0.0,0.0,0,0.24383561643835616,4.499809670330265,0.0
2140E5D8E114,2025-01-01,2025-03-31,89,0,0.0,26167.444444444445,0.0,0.0,0.0,27.155555555555555,32.0,0.648264539814022,0.0,0.0,0.0,0.0,0,0.24383561643835616,4.499809670330265,0.0
2140E5D8E117,2025-01-01,2025-03-31,89,0,0.0,26678.933333333334,0.0,0.0,0.0,38.5,40.0,0.5426273532033561,0.0,0.0,0.0,0.0,0,0.24383561643835616,4.499809670330265,0.0
2140E5D8E11B,2025-01-01,2025-03-31,89,0,0.0,26717.722222222223,0.0,0.0,0.0,38.87777777777778,40.0,0.4429140317328346,0.0,0.0,0.0,0.0,0,0.24383561643835616,4.499809670330265,0.0
2140E5D8E11C,2025-01-01,2025-03-31,89,0,0.0,26111.733333333334,0.0,0.0,0.0,26.466666666666665,28.0,0.5206833117272738,0.0,0.0,0.0,0.0,0,0.24383561643835616,4.499809670330265,0.0
2140E5D8E11D,2025-01-01,2025-03-31,89,0,0.0,28260.222222222223,0.0,0.0,0.0,26.77777777777778,32.0,1.5112745009706043,0.0,0.0,0.0,0.0,0,0.24383561643835616,4.499809670330265,0.0
2140E5D8E11F,2025-01-01,2025-03-31,89,0,0.0,18923.62222222222,0.0,0.0,0.0,34.03333333333333,37.0,1.6086571349352232,0.0,0.0,0.0,0.0,0,0.24383561643835616,4.499809670330265,0.0
2140E5D8E120,2025-01-01,2025-03-31,89,0,0.0,26165.655555555557,0.0,0.0,0.0,38.0,40.0,0.39440531887332053,0.0,0.0,0.0,0.0,0,0.24383561643835616,4.499809670330265,0.0
2140E5D8E122,2025-01-01,2025-03-31,89,0,0.0,26800.38888888889,0.0,0.0,0.0,28.266666666666666,30.0,0.5333333333333751,0.0,0.0,0.0,0.0,0,0.24383561643835616,4.499809670330265,0.0
2140E5D8E123,2025-01-01,2025-03-31,89,0,0.0,28237.88888888889,0.0,1.0,0.0,37.733333333333334,39.0,0.5120763831911557,0.0,0.0,0.0,0.0,1,0.24383561643835616,4.499809670330265,5.0
2140E5D8E166,2025-01-01,2025-03-31,89,0,0.0,26167.055555555555,0.0,0.0,0.0,28.08888888888889,31.0,0.4629481479111158,0.0,0.0,0.0,0.0,0,0.24383561643835616,4.499809670330265,0.0
2140E5D8E16A,2025-01-01,2025-03-31,89,0,0.0,28236.255555555555,0.0,0.0,0.0,34.82222222222222,37.0,0.7083278866892919,0.0,0.0,0.0,0.0,0,0.24383561643835616,4.499809670330265,0.0
2140E5D8E16B,2025-01-01,2025-03-31,89,0,0.0,26762.955555555556,0.0,0.0,0.0,33.388888888888886,35.0,0.6270644915346039,0.0,0.0,0.0,0.0,0,0.24383561643835616,4.499809670330265,0.0
2140E5D8E16C,2025-01-01,2025-03-31,89,0,0.0,26742.866666666665,0.0,0.0,0.0,26.122222222222224,30.0,0.5543319859229316,0.0,0.0,0.0,0.0,0,0.24383561643835616,4.499809670330265,0.0
2140E5D8E16D,2025-01-01,2025-03-31,89,0,0.0,26781.555555555555,0.0,0.0,0.0,27.066666666666666,33.0,0.8537498983244133,0.0,0.0,0.0,0.0,0,0.24383561643835616,4.499809670330265,0.0
2140E5D8E16E,2025-01-01,2025-03-31,89,0,0.0,24538.78888888889,0.0,0.0,0.0,38.422222222222224,40.0,0.5159194118328929,0.0,0.0,0.0,0.0,0,0.24383561643835616,4.499809670330265,0.0
2140E5D8E171,2025-01-01,2025-03-31,89,0,0.0,26788.166666666668,0.0,0.0,0.0,33.56666666666667,35.0,0.5587684871410185,0.0,0.0,0.0,0.0,0,0.24383561643835616,4.499809670330265,0.0
2140E5D8E173,2025-01-01,2025-03-31,89,0,0.0,26672.277777777777,0.0,1.0,0.0,34.13333333333333,38.0,0.49888765156978393,0.0,0.0,0.0,0.0,1,0.24383561643835616,4.499809670330265,5.0
2140E5D8E174,2025-01-01,2025-03-31,89,0,0.0,26858.6,0.0,0.0,0.0,28.27777777777778,31.0,0.8822670013824391,0.0,0.0,0.0,0.0,0,0.24383561643835616,4.499809670330265,0.0
2140E5D8E178,2025-01-01,2025-03-31,89,0,0.0,26745.755555555555,0.0,1.0,0.0,32.21111111111111,35.0,1.1594485705086515,0.0,0.0,0.0,0.0,1,0.24383561643835616,4.499809670330265,5.0
2140E5D8E1E0,2025-01-01,2025-03-31,89,0,0.0,28078.12222222222,0.0,0.0,0.0,28.92222222222222,33.0,1.1472457624704018,0.0,0.0,0.0,0.0,0,0.24383561643835616,4.499809670330265,0.0
2140E5D8E1E1,2025-01-01,2025-03-31,89,0,0.0,26062.01111111111,0.0,0.0,0.0,37.2,39.0,0.581186525805224,0.0,0.0,0.0,0.0,0,0.24383561643835616,4.499809670330265,0.0
2140E5D8E1EB,2025-01-01,2025-03-31,89,0,0.0,26069.78888888889,0.0,0.0,0.0,37.15555555555556,38.0,0.7875575620741025,0.0,0.0,0.0,0.0,0,0.24383561643835616,4.499809670330265,0.0
2140E5D8E1EC,2025-01-01,2025-03-31,89,0,0.0,28133.633333333335,0.0,1.0,0.0,35.733333333333334,37.0,0.6110100926608729,0.0,0.0,0.0,0.0,1,0.24383561643835616,4.499809670330265,5.0
2140E5D8E1ED,2025-01-01,2025-03-31,89,0,0.0,28190.82222222222,0.0,0.0,0.0,33.62222222222222,38.0,1.4573779939618303,0.0,0.0,0.0,0.0,0,0.24383561643835616,4.499809670330265,0.0
2140E5D8E1EF,2025-01-01,2025-03-31,89,0,0.0,26059.18888888889,0.0,0.0,0.0,33.077777777777776,34.0,0.49950592873315725,0.0,0.0,0.0,0.0,0,0.24383561643835616,4.499809670330265,0.0
2140E5D8E23D,2025-01-01,2025-03-31,89,0,0.0,26631.62222222222,0.0,1.0,0.0,37.077777777777776,38.0,0.30651364942565884,0.0,0.0,0.0,0.0,1,0.24383561643835616,4.499809670330265,5.0
2140E5D8E295,2025-01-01,2025-03-31,89,0,0.0,26125.48888888889,0.0,0.0,0.0,36.32222222222222,38.0,0.5543319859228292,0.0,0.0,0.0,0.0,0,0.24383561643835616,4.499809670330265,0.0
2140E5D8E36A,2025-01-01,2025-03-31,89,0,0.0,26130.9,0.0,0.0,0.0,37.18888888888889,39.0,0.5352973097975805,0.0,0.0,0.0,0.0,0,0.24383561643835616,4.499809670330265,0.0
2140E5D8E46C,2025-01-01,2025-03-31,89,0,0.0,18191.31111111111,0.0,0.0,0.0,42.7,45.0,0.7810249675906014,0.0,0.0,0.0,0.0,0,0.24383561643835616,4.499809670330265,0.0
2140E5D8E46E,2025-01-01,2025-03-31,89,0,0.0,26712.777777777777,0.0,1.0,0.0,37.233333333333334,39.0,0.5587684871414254,0.0,0.0,0.0,0.0,1,0.24383561643835616,4.499809670330265,5.0
2140E5D8E472,2025-01-01,2025-03-31,89,0,0.0,26729.87777777778,0.0,0.0,0.0,35.71111111111111,38.0,0.8198162998088889,0.0,0.0,0.0,0.0,0,0.24383561643835616,4.499809670330265,0.0
2140E5D8E47E,2025-01-01,2025-03-31,89,0,0.0,23343.077777777777,0.0,0.0,0.0,36.388888888888886,39.0,2.0639468363332694,0.0,0.0,0.0,0.0,0,0.24383561643835616,4.499809670330265,0.0
2140E5D8E480,2025-01-01,2025-03-31,89,0,0.0,18158.7,0.0,0.0,0.0,40.144444444444446,42.0,0.7682752850249259,0.0,0.0,0.0,0.0,0,0.24383561643835616,4.499809670330265,0.0
2140E5D8E48C,2025-01-01,2025-03-31,89,0,0.0,21840.544444444444,0.0,1.0,0.0,37.63333333333333,42.0,1.622412469818404,0.0,0.0,0.0,0.0,1,0.24383561643835616,4.499809670330265,5.0
2140E5D8E490,2025-01-01,2025-03-31,89,0,0.0,26030.744444444445,0.0,1.0,0.0,37.87777777777778,40.0,0.7575952859434905,0.0,0.0,0.0,0.0,1,0.24383561643835616,4.499809670330265,5.0
2140E5D8E492,2025-01-01,2025-03-31,89,0,0.0,26067.3,0.0,0.0,0.0,32.077777777777776,35.0,1.5508261438327442,0.0,0.0,0.0,0.0,0,0.24383561643835616,4.499809670330265,0.0
2141E5DA43FC,2025-01-01,2025-03-31,89,0,0.0,18161.6,0.0,0.0,0.0,40.888888888888886,42.0,0.7950463920000986,0.0,0.0,0.0,0.0,0,0.24383561643835616,4.499809670330265,0.0
2141E5DA4481,2025-01-01,2025-03-31,89,0,0.0,18234.733333333334,0.0,1.0,0.0,40.28888888888889,42.0,0.653952843091599,0.0,0.0,0.0,0.0,1,0.24383561643835616,4.499809670330265,5.0
2141E5DA4482,2025-01-01,2025-03-31,89,0,0.0,26059.222222222223,0.0,0.0,0.0,37.77777777777778,40.0,0.6629526173410896,0.0,0.0,0.0,0.0,0,0.24383561643835616,4.499809670330265,0.0
2141E5DA44A2,2025-01-01,2025-03-31,89,0,0.0,23374.966666666667,0.0,0.0,0.0,38.477777777777774,40.0,1.0459209421769102,0.0,0.0,0.0,0.0,0,0.24383561643835616,4.499809670330265,0.0
2147E5E5EEB1,2025-01-01,2025-03-31,89,0,0.0,22353.155555555557,0.0,0.0,0.0,39.81111111111111,41.0,0.7873223883581691,0.0,0.0,0.0,0.0,0,0.24383561643835616,4.499809670330265,0.0
2147E5E5EEB5,2025-01-01,2025-03-31,89,0,0.0,23374.566666666666,0.0,0.0,0.0,39.06666666666667,40.0,0.5537749241942865,0.0,0.0,0.0,0.0,0,0.24383561643835616,4.499809670330265,0.0
2147E5E5EEB8,2025-01-01,2025-03-31,89,0,0.0,21924.522222222222,0.0,1.0,0.0,40.68888888888889,42.0,0.6607141665473735,0.0,0.0,0.0,0.0,1,0.24383561643835616,4.499809670330265,5.0
2147E5E5EEBA,2025-01-01,2025-03-31,89,0,0.0,21803.411111111112,0.0,0.0,0.0,37.522222222222226,39.0,0.6868248649120956,0.0,0.0,0.0,0.0,0,0.24383561643835616,4.499809670330265,0.0
2147E5E5EEBB,2025-01-01,2025-03-31,89,0,0.0,21835.8,0.0,1.0,0.0,40.855555555555554,42.0,0.5880497165511036,0.0,0.0,0.0,0.0,1,0.24383561643835616,4.499809670330265,5.0
2147E5E5EEBC,2025-01-01,2025-03-31,89,0,0.0,18500.455555555556,0.0,1.0,0.0,41.78888888888889,43.0,0.7816569927536963,0.0,0.0,0.0,0.0,1,0.24383561643835616,4.499809670330265,5.0
2147E5E5EEBD,2025-01-01,2025-03-31,89,0,0.0,10720.177777777777,0.0,0.0,0.0,42.166666666666664,45.0,0.9339283817416033,0.0,0.0,0.0,0.0,0,0.24383561643835616,4.499809670330265,0.0
2147E5E5EEBE,2025-01-01,2025-03-31,89,0,0.0,17548.38888888889,0.0,0.0,0.0,39.13333333333333,41.0,1.0022197585582298,0.0,0.0,0.0,0.0,0,0.24383561643835616,4.499809670330265,0.0
2147E5E5EEC0,2025-01-01,2025-03-31,89,0,0.0,23323.066666666666,0.0,0.0,0.0,36.63333333333333,41.0,2.110555482436871,0.0,0.0,0.0,0.0,0,0.24383561643835616,4.499809670330265,0.0
2147E5E5EEC1,2025-01-01,2025-03-31,89,0,0.0,18240.633333333335,0.0,0.0,0.0,39.388888888888886,41.0,0.6781419786519117,0.0,0.0,0.0,0.0,0,0.24383561643835616,4.499809670330265,0.0
2147E5E5EEC2,2025-01-01,2025-03-31,89,0,0.0,16145.466666666667,0.0,0.0,0.0,40.36666666666667,42.0,0.5666666666664758,0.0,0.0,0.0,0.0,0,0.24383561643835616,4.499809670330265,0.0
2147E5E5EEC6,2025-01-01,2025-03-31,89,0,0.0,19836.633333333335,0.0,0.0,0.0,42.36666666666667,45.0,0.5666666666664758,0.0,0.0,0.0,0.0,0,0.24383561643835616,4.499809670330265,0.0
2147E5E5EECA,2025-01-01,2025-03-31,89,0,0.0,14955.022222222222,0.0,0.0,0.0,40.17777777777778,43.0,0.7685162873685099,0.0,0.0,0.0,0.0,0,0.24383561643835616,4.499809670330265,0.0
2147E5E5EECC,2025-01-01,2025-03-31,89,0,0.0,15125.41111111111,0.0,1.0,0.0,41.55555555555556,43.0,0.7470105028430234,0.0,0.0,0.0,0.0,1,0.24383561643835616,4.499809670330265,5.0
2147E5E5EECF,2025-01-01,2025-03-31,89,0,0.0,15159.388888888889,0.0,0.0,0.0,40.12222222222222,42.0,0.9046519008594145,0.0,0.0,0.0,0.0,0,0.24383561643835616,4.499809670330265,0.0
2147E5E5EED1,2025-01-01,2025-03-31,89,0,0.0,19603.12222222222,0.0,0.0,0.0,41.46666666666667,42.0,0.49888765156978393,0.0,0.0,0.0,0.0,0,0.24383561643835616,4.499809670330265,0.0
2147E5E5EF01,2025-01-01,2025-03-31,89,0,0.0,15183.2,0.0,0.0,0.0,41.644444444444446,46.0,1.0573668669662197,0.0,0.0,0.0,0.0,0,0.24383561643835616,4.499809670330265,0.0
2147E5E5EF06,2025-01-01,2025-03-31,89,0,0.0,15165.344444444445,0.0,0.0,0.0,42.08888888888889,44.0,0.7978365809339879,0.0,0.0,0.0,0.0,0,0.24383561643835616,4.499809670330265,0.0
2147E5E5EFE2,2025-01-01,2025-03-31,89,0,0.0,18227.655555555557,0.0,0.0,0.0,39.72222222222222,41.0,0.6151382460297012,0.0,0.0,0.0,0.0,0,0.24383561643835616,4.499809670330265,0.0
2147E5E5EFE4,2025-01-01,2025-03-31,89,0,0.0,18192.38888888889,0.0,0.0,0.0,38.544444444444444,41.0,0.9679429633232205,0.0,0.0,0.0,0.0,0,0.24383561643835616,4.499809670330265,0.0
2147E5E5EFE5,2025-01-01,2025-03-31,89,0,0.0,17489.62222222222,0.0,1.0,0.0,38.63333333333333,40.0,0.8089774066340665,0.0,0.0,0.0,0.0,1,0.24383561643835616,4.499809670330265,5.0
2147E5E5EFE8,2025-01-01,2025-03-31,89,0,0.0,15193.344444444445,0.0,0.0,0.0,39.922222222222224,42.0,0.8059194580350059,0.0,0.0,0.0,0.0,0,0.24383561643835616,4.499809670330265,0.0
2147E5E5EFE9,2025-01-01,2025-03-31,89,0,0.0,15155.055555555555,0.0,0.0,0.0,39.32222222222222,41.0,1.0091556181919465,0.0,0.0,0.0,0.0,0,0.24383561643835616,4.499809670330265,0.0
2147E5E5EFEE,2025-01-01,2025-03-31,89,0,0.0,17520.67777777778,0.0,0.0,0.0,38.355555555555554,39.0,0.5639367795757183,0.0,0.0,0.0,0.0,0,0.24383561643835616,4.499809670330265,0.0
2147E5E5EFF3,2025-01-01,2025-03-31,89,0,0.0,15200.833333333334,0.0,0.0,0.0,41.17777777777778,43.0,0.7238443322179652,0.0,0.0,0.0,0.0,0,0.24383561643835616,4.499809670330265,0.0
2147E5E5EFF8,2025-01-01,2025-03-31,89,0,0.0,16183.344444444445,0.0,0.0,0.0,41.355555555555554,44.0,0.7931808132255446,0.0,0.0,0.0,0.0,0,0.24383561643835616,4.499809670330265,0.0
2147E5E5EFFD,2025-01-01,2025-03-31,89,0,0.0,23328.9,0.0,0.0,0.0,38.41111111111111,39.0,0.49203532945515915,0.0,0.0,0.0,0.0,0,0.24383561643835616,4.499809670330265,0.0
2147E5E5F005,2025-01-01,2025-03-31,89,0,0.0,22297.066666666666,0.0,0.0,0.0,40.4,42.0,0.6110100926608729,0.0,0.0,0.0,0.0,0,0.24383561643835616,4.499809670330265,0.0
2147E5E5F008,2025-01-01,2025-03-31,89,0,0.0,22369.166666666668,0.0,0.0,0.0,40.22222222222222,41.0,0.5328701692570742,0.0,0.0,0.0,0.0,0,0.24383561643835616,4.499809670330265,0.0
2147E5E5F012,2025-01-01,2025-03-31,89,0,0.0,16176.877777777778,0.0,0.0,0.0,40.522222222222226,42.0,0.9216865914394413,0.0,0.0,0.0,0.0,0,0.24383561643835616,4.499809670330265,0.0
2147E5E5F63E,2025-01-01,2025-03-31,89,0,0.0,16187.755555555555,0.0,0.0,0.0,41.01111111111111,43.0,0.809587610308626,0.0,0.0,0.0,0.0,0,0.24383561643835616,4.499809670330265,0.0
2147E5E5F640,2025-01-01,2025-03-31,89,0,0.0,21845.8,0.0,1.0,0.0,38.71111111111111,42.0,0.9802997777829714,0.0,0.0,0.0,0.0,1,0.24383561643835616,4.499809670330265,5.0
2147E5E5F643,2025-01-01,2025-03-31,89,0,0.0,16162.388888888889,0.0,0.0,0.0,42.24444444444445,43.0,0.45487754423217214,0.0,0.0,0.0,0.0,0,0.24383561643835616,4.499809670330265,0.0
2147E5E5F7AE,2025-01-01,2025-03-31,89,0,0.0,16134.1,0.0,0.0,0.0,42.577777777777776,45.0,0.7450246495219005,0.0,0.0,0.0,0.0,0,0.24383561643835616,4.499809670330265,0.0
2205E6068101,2025-01-01,2025-03-31,89,0,0.0,19787.21111111111,0.0,0.0,0.0,39.477777777777774,41.0,0.7337540880489724,0.0,0.0,0.0,0.0,0,0.24383561643835616,4.499809670330265,0.0
2205E6068105,2025-01-01,2025-03-31,89,0,0.0,16197.988888888889,0.0,0.0,0.0,39.62222222222222,42.0,0.8891666232776345,0.0,0.0,0.0,0.0,0,0.24383561643835616,4.499809670330265,0.0
2205E6068108,2025-01-01,2025-03-31,89,0,0.0,18251.21111111111,0.0,1.0,0.0,38.84444444444444,41.0,0.8288024977322188,0.0,0.0,0.0,0.0,1,0.24383561643835616,4.499809670330265,5.0
2205E606811F,2025-01-01,2025-03-31,89,0,0.0,17452.51111111111,0.0,0.0,0.0,38.5,40.0,0.5627314338710838,0.0,0.0,0.0,0.0,0,0.24383561643835616,4.499809670330265,0.0
2205E6068120,2025-01-01,2025-03-31,89,0,0.0,18245.911111111112,0.0,0.0,0.0,39.27777777777778,41.0,0.6329433497165414,0.0,0.0,0.0,0.0,0,0.24383561643835616,4.499809670330265,0.0
2205E6068124,2025-01-01,2025-03-31,89,0,0.0,16153.777777777777,0.0,0.0,0.0,38.58888888888889,41.0,0.8931149539604091,0.0,0.0,0.0,0.0,0,0.24383561643835616,4.499809670330265,0.0
2205E6068125,2025-01-01,2025-03-31,89,0,0.0,23294.48888888889,0.0,1.0,0.0,38.7,42.0,0.6227180564087578,0.0,0.0,0.0,0.0,1,0.24383561643835616,4.499809670330265,5.0
2205E6068128,2025-01-01,2025-03-31,89,0,0.0,22316.48888888889,0.0,0.0,0.0,41.13333333333333,43.0,0.40000000000010233,0.0,0.0,0.0,0.0,0,0.24383561643835616,4.499809670330265,0.0
2205E606812D,2025-01-01,2025-03-31,89,0,0.0,17480.3,0.0,0.0,0.0,41.44444444444444,44.0,0.6685159536220175,0.0,0.0,0.0,0.0,0,0.24383561643835616,4.499809670330265,0.0
2205E606812E,2025-01-01,2025-03-31,89,0,0.0,17448.633333333335,0.0,0.0,0.0,41.56666666666667,44.0,0.7608474807006421,0.0,0.0,0.0,0.0,0,0.24383561643835616,4.499809670330265,0.0
2205E6068130,2025-01-01,2025-03-31,89,0,0.0,18223.977777777778,0.0,0.0,0.0,39.422222222222224,41.0,0.5958705634573315,0.0,0.0,0.0,0.0,0,0.24383561643835616,4.499809670330265,0.0
2205E6068131,2025-01-01,2025-03-31,89,0,0.0,22295.411111111112,0.0,0.0,0.0,40.6,42.0,0.6289320754702747,0.0,0.0,0.0,0.0,0,0.24383561643835616,4.499809670330265,0.0
2205E6068133,2025-01-01,2025-03-31,89,0,0.0,17517.444444444445,0.0,0.0,0.0,39.06666666666667,41.0,1.0934146311236657,0.0,0.0,0.0,0.0,0,0.24383561643835616,4.499809670330265,0.0
2205E6068135,2025-01-01,2025-03-31,89,0,0.0,19804.68888888889,0.0,0.0,0.0,39.84444444444444,41.0,0.4693047129322991,0.0,0.0,0.0,0.0,0,0.24383561643835616,4.499809670330265,0.0
2205E6068137,2025-01-01,2025-03-31,89,0,0.0,22262.922222222223,0.0,0.0,0.0,38.05555555555556,40.0,0.6029761578316702,0.0,0.0,0.0,0.0,0,0.24383561643835616,4.499809670330265,0.0
2205E6068139,2025-01-01,2025-03-31,89,0,0.0,17481.255555555555,0.0,1.0,0.0,39.55555555555556,42.0,0.6849348892187157,0.0,0.0,0.0,0.0,1,0.24383561643835616,4.499809670330265,5.0
2205E606813C,2025-01-01,2025-03-31,89,0,0.0,16174.9,0.0,1.0,0.0,38.01111111111111,40.0,0.809587610308626,0.0,0.0,0.0,0.0,1,0.24383561643835616,4.499809670330265,5.0
2205E606813D,2025-01-01,2025-03-31,89,0,0.0,22344.233333333334,0.0,1.0,0.0,39.96666666666667,42.0,0.7951240294583143,0.0,0.0,0.0,0.0,1,0.24383561643835616,4.499809670330265,5.0
2205E6068140,2025-01-01,2025-03-31,89,0,0.0,19805.722222222223,0.0,0.0,0.0,39.72222222222222,41.0,0.5968021778666454,0.0,0.0,0.0,0.0,0,0.24383561643835616,4.499809670330265,0.0
2205E6068144,2025-01-01,2025-03-31,89,0,0.0,18221.855555555554,0.0,0.0,0.0,42.577777777777776,44.0,0.7450246495219005,0.0,0.0,0.0,0.0,0,0.24383561643835616,4.499809670330265,0.0
2205E6068145,2025-01-01,2025-03-31,89,0,0.0,16152.18888888889,0.0,1.0,0.0,37.266666666666666,41.0,1.0519822558705871,0.0,0.0,0.0,0.0,1,0.24383561643835616,4.499809670330265,5.0
2205E6068148,2025-01-01,2025-03-31,89,0,0.0,17512.11111111111,0.0,0.0,0.0,41.48888888888889,44.0,0.6870944370552657,0.0,0.0,0.0,0.0,0,0.24383561643835616,4.499809670330265,0.0
2205E606814D,2025-01-01,2025-03-31,89,0,0.0,22384.32222222222,0.0,0.0,0.0,41.36666666666667,43.0,0.5467073155617809,0.0,0.0,0.0,0.0,0,0.24383561643835616,4.499809670330265,0.0
2205E6068156,2025-01-01,2025-03-31,89,0,0.0,22291.522222222222,0.0,0.0,0.0,40.977777777777774,43.0,0.6662961933587586,0.0,0.0,0.0,0.0,0,0.24383561643835616,4.499809670330265,0.0
2205E606842B,2025-01-01,2025-03-31,89,0,0.0,19790.533333333333,0.0,0.0,0.0,38.67777777777778,40.0,0.5930669397815518,0.0,0.0,0.0,0.0,0,0.24383561643835616,4.499809670330265,0.0
2205E606842D,2025-01-01,2025-03-31,89,0,0.0,15138.322222222223,0.0,0.0,0.0,37.144444444444446,39.0,0.8889583306208321,0.0,0.0,0.0,0.0,0,0.24383561643835616,4.499809670330265,0.0
2205E606842F,2025-01-01,2025-03-31,89,0,0.0,19828.777777777777,0.0,0.0,0.0,39.266666666666666,40.0,0.46666666666677925,0.0,0.0,0.0,0.0,0,0.24383561643835616,4.499809670330265,0.0
2205E6068430,2025-01-01,2025-03-31,89,0,0.0,22017.6,0.0,0.0,0.0,38.766666666666666,41.0,0.843932593411453,0.0,0.0,0.0,0.0,0,0.24383561643835616,4.499809670330265,0.0
2205E6068432,2025-01-01,2025-03-31,89,0,0.0,22360.077777777777,0.0,0.0,0.0,39.08888888888889,40.0,0.2845832994414933,0.0,0.0,0.0,0.0,0,0.24383561643835616,4.499809670330265,0.0
2205E6068433,2025-01-01,2025-03-31,89,0,0.0,23397.233333333334,0.0,0.0,0.0,38.58888888888889,40.0,0.6127251412872549,0.0,0.0,0.0,0.0,0,0.24383561643835616,4.499809670330265,0.0
2205E6068436,2025-01-01,2025-03-31,89,0,0.0,15192.122222222222,0.0,1.0,0.0,41.422222222222224,44.0,0.8429811883728894,0.0,0.0,0.0,0.0,1,0.24383561643835616,4.499809670330265,5.0
2205E6068438,2025-01-01,2025-03-31,89,0,0.0,16214.166666666666,0.0,0.0,0.0,37.98888888888889,39.0,0.6748570950694976,0.0,0.0,0.0,0.0,0,0.24383561643835616,4.499809670330265,0.0
2205E606843B,2025-01-01,2025-03-31,89,0,0.0,15169.933333333332,0.0,0.0,0.0,37.93333333333333,41.0,0.9043106644168359,0.0,0.0,0.0,0.0,0,0.24383561643835616,4.499809670330265,0.0
2205E606843C,2025-01-01,2025-03-31,89,0,0.0,22311.577777777777,0.0,0.0,0.0,38.233333333333334,40.0,0.5385164807134166,0.0,0.0,0.0,0.0,0,0.24383561643835616,4.499809670330265,0.0
2205E606843D,2025-01-01,2025-03-31,89,0,0.0,18188.577777777777,0.0,0.0,0.0,39.544444444444444,40.0,0.5408041566062047,0.0,0.0,0.0,0.0,0,0.24383561643835616,4.499809670330265,0.0
2205E606843E,2025-01-01,2025-03-31,89,0,0.0,16193.133333333333,0.0,1.0,0.0,38.62222222222222,41.0,0.8243216440441423,0.0,0.0,0.0,0.0,1,0.24383561643835616,4.499809670330265,5.0
2205E6068441,2025-01-01,2025-03-31,89,0,0.0,19787.144444444446,0.0,0.0,0.0,39.388888888888886,42.0,0.571439594250099,0.0,0.0,0.0,0.0,0,0.24383561643835616,4.499809670330265,0.0
2205E6068443,2025-01-01,2025-03-31,89,0,0.0,16230.155555555555,0.0,0.0,0.0,38.94444444444444,42.0,0.9352493560675931,0.0,0.0,0.0,0.0,0,0.24383561643835616,4.499809670330265,0.0
2205E6068444,2025-01-01,2025-03-31,89,0,0.0,19785.955555555556,0.0,0.0,0.0,37.01111111111111,42.0,1.456742518577641,0.0,0.0,0.0,0.0,0,0.24383561643835616,4.499809670330265,0.0
2205E6068446,2025-01-01,2025-03-31,89,0,0.0,23373.1,0.0,0.0,0.0,35.91111111111111,38.0,0.9848231024960376,0.0,0.0,0.0,0.0,0,0.24383561643835616,4.499809670330265,0.0
2205E6068449,2025-01-01,2025-03-31,89,0,0.0,23337.78888888889,0.0,0.0,0.0,38.2,39.0,0.6531972647420579,0.0,0.0,0.0,0.0,0,0.24383561643835616,4.499809670330265,0.0
2205E606844A,2025-01-01,2025-03-31,89,0,0.0,15162.033333333333,0.0,1.0,0.0,36.233333333333334,38.0,1.0005554013202798,0.0,0.0,0.0,0.0,1,0.24383561643835616,4.499809670330265,5.0
2205E606844B,2025-01-01,2025-03-31,89,0,0.0,17510.422222222223,0.0,0.0,0.0,42.13333333333333,43.0,0.4268749491624397,0.0,0.0,0.0,0.0,0,0.24383561643835616,4.499809670330265,0.0
2205E6068450,2025-01-01,2025-03-31,89,0,0.0,23328.744444444445,0.0,1.0,0.0,38.355555555555554,40.0,0.637897781973877,0.0,0.0,0.0,0.0,1,0.24383561643835616,4.499809670330265,5.0
2205E6068452,2025-01-01,2025-03-31,89,0,0.0,15190.31111111111,0.0,0.0,0.0,37.31111111111111,41.0,0.9734753828359335,0.0,0.0,0.0,0.0,0,0.24383561643835616,4.499809670330265,0.0
2205E6068455,2025-01-01,2025-03-31,89,0,0.0,16212.18888888889,0.0,0.0,0.0,37.13333333333333,39.0,0.8459051693632751,0.0,0.0,0.0,0.0,0,0.24383561643835616,4.499809670330265,0.0
2205E6068458,2025-01-01,2025-03-31,89,0,0.0,21888.11111111111,0.0,0.0,0.0,38.766666666666666,41.0,0.5783117190965815,0.0,0.0,0.0,0.0,0,0.24383561643835616,4.499809670330265,0.0
2205E606845A,2025-01-01,2025-03-31,89,0,0.0,21846.444444444445,0.0,0.0,0.0,37.06666666666667,39.0,0.7859884081700864,0.0,0.0,0.0,0.0,0,0.24383561643835616,4.499809670330265,0.0
2205E606845B,2025-01-01,2025-03-31,89,0,0.0,22390.655555555557,0.0,0.0,0.0,36.96666666666667,40.0,0.8089774066340665,0.0,0.0,0.0,0.0,0,0.24383561643835616,4.499809670330265,0.0
2205E606845C,2025-01-01,2025-03-31,89,0,1.0,16188.288888888888,0.0,0.0,0.0,39.43333333333333,42.0,1.325393023471572,0.0,0.0,0.0,0.0,0,0.24383561643835616,4.499809670330265,10.0
2205E606845D,2025-01-01,2025-03-31,89,0,0.0,19775.01111111111,0.0,1.0,0.0,40.15555555555556,42.0,0.6651835354262646,0.0,0.0,0.0,0.0,1,0.24383561643835616,4.499809670330265,5.0
2205E6068460,2025-01-01,2025-03-31,89,0,0.0,17524.8,0.0,0.0,0.0,38.36666666666667,40.0,0.6403124237431712,0.0,0.0,0.0,0.0,0,0.24383561643835616,4.499809670330265,0.0
2205E6068461,2025-01-01,2025-03-31,89,0,0.0,18265.077777777777,0.0,1.0,0.0,38.922222222222224,40.0,0.3720148676172241,0.0,0.0,0.0,0.0,1,0.24383561643835616,4.499809670330265,5.0
2205E6068463,2025-01-01,2025-03-31,89,0,0.0,21826.722222222223,0.0,2.0,0.0,39.03333333333333,40.0,0.5859465277083531,0.0,0.0,0.0,0.0,1,0.24383561643835616,4.499809670330265,10.0
2205E6068464,2025-01-01,2025-03-31,89,0,0.0,23368.855555555554,0.0,0.0,0.0,39.022222222222226,41.0,0.2973130702278429,0.0,0.0,0.0,0.0,0,0.24383561643835616,4.499809670330265,0.0
2205E6068465,2025-01-01,2025-03-31,89,0,0.0,17498.68888888889,0.0,0.0,0.0,40.1,42.0,0.8569973421454159,0.0,0.0,0.0,0.0,0,0.24383561643835616,4.499809670330265,0.0
2205E6068466,2025-01-01,2025-03-31,89,0,0.0,21891.277777777777,0.0,1.0,0.0,38.72222222222222,41.0,0.8031573497112187,0.0,0.0,0.0,0.0,1,0.24383561643835616,4.499809670330265,5.0
2205E6068467,2025-01-01,2025-03-31,89,0,0.0,15173.177777777777,0.0,0.0,0.0,39.111111111111114,42.0,1.4715407227682225,0.0,0.0,0.0,0.0,0,0.24383561643835616,4.499809670330265,0.0
2205E606846B,2025-01-01,2025-03-31,89,0,0.0,22272.944444444445,0.0,0.0,0.0,37.888888888888886,40.0,0.7370277311902279,0.0,0.0,0.0,0.0,0,0.24383561643835616,4.499809670330265,0.0
2205E606846C,2025-01-01,2025-03-31,89,0,0.0,16160.833333333334,0.0,1.0,0.0,39.81111111111111,42.0,1.0943739401995072,0.0,0.0,0.0,0.0,1,0.24383561643835616,4.499809670330265,5.0
2205E606846E,2025-01-01,2025-03-31,89,0,0.0,16193.644444444444,0.0,0.0,0.0,38.5,41.0,0.8333333333332728,0.0,0.0,0.0,0.0,0,0.24383561643835616,4.499809670330265,0.0
2205E606846F,2025-01-01,2025-03-31,89,0,0.0,23452.82222222222,0.0,0.0,0.0,34.2,37.0,0.8459051693632751,0.0,0.0,0.0,0.0,0,0.24383561643835616,4.499809670330265,0.0
2205E6068475,2025-01-01,2025-03-31,89,0,0.0,16176.144444444444,0.0,1.0,0.0,41.12222222222222,42.0,0.629422623923175,0.0,0.0,0.0,0.0,1,0.24383561643835616,4.499809670330265,5.0
2205E6068476,2025-01-01,2025-03-31,89,0,0.0,16161.6,0.0,0.0,0.0,41.166666666666664,42.0,0.6708203932499708,0.0,0.0,0.0,0.0,0,0.24383561643835616,4.499809670330265,0.0
2205E606847F,2025-01-01,2025-03-31,89,0,0.0,22309.433333333334,0.0,0.0,0.0,37.48888888888889,40.0,0.6870944370552657,0.0,0.0,0.0,0.0,0,0.24383561643835616,4.499809670330265,0.0
2205E6068481,2025-01-01,2025-03-31,89,0,0.0,15159.18888888889,0.0,0.0,0.0,38.74444444444445,41.0,0.9838824581003776,0.0,0.0,0.0,0.0,0,0.24383561643835616,4.499809670330265,0.0
2205E6068485,2025-01-01,2025-03-31,89,0,0.0,17469.666666666668,0.0,0.0,0.0,38.422222222222224,40.0,0.6662961933584173,0.0,0.0,0.0,0.0,0,0.24383561643835616,4.499809670330265,0.0
2205E6068486,2025-01-01,2025-03-31,89,0,0.0,17470.755555555555,0.0,0.0,0.0,40.53333333333333,42.0,0.6531972647422318,0.0,0.0,0.0,0.0,0,0.24383561643835616,4.499809670330265,0.0
2205E6068487,2025-01-01,2025-03-31,89,0,0.0,15180.211111111112,0.0,0.0,0.0,37.43333333333333,40.0,0.7156970184528945,0.0,0.0,0.0,0.0,0,0.24383561643835616,4.499809670330265,0.0
2205E6068489,2025-01-01,2025-03-31,89,0,0.0,15150.233333333334,0.0,0.0,0.0,40.8,42.0,0.8055363982396482,0.0,0.0,0.0,0.0,0,0.24383561643835616,4.499809670330265,0.0
2205E606848C,2025-01-01,2025-03-31,89,0,0.0,22399.411111111112,0.0,0.0,0.0,38.9,41.0,0.8825468196583194,0.0,0.0,0.0,0.0,0,0.24383561643835616,4.499809670330265,0.0
2205E606848D,2025-01-01,2025-03-31,89,0,0.0,17509.566666666666,0.0,0.0,0.0,42.355555555555554,44.0,0.6718318425703298,0.0,0.0,0.0,0.0,0,0.24383561643835616,4.499809670330265,0.0
2205E606848E,2025-01-01,2025-03-31,89,0,0.0,21816.255555555555,0.0,0.0,0.0,37.56666666666667,39.0,0.5972157622386923,0.0,0.0,0.0,0.0,0,0.24383561643835616,4.499809670330265,0.0
2205E6068490,2025-01-01,2025-03-31,89,0,0.0,21921.755555555555,0.0,0.0,0.0,39.51111111111111,41.0,0.7187094057241199,0.0,0.0,0.0,0.0,0,0.24383561643835616,4.499809670330265,0.0
2205E60686CC,2025-01-01,2025-03-31,89,0,0.0,22370.455555555556,0.0,0.0,0.0,38.111111111111114,40.0,0.5858411700648176,0.0,0.0,0.0,0.0,0,0.24383561643835616,4.499809670330265,0.0
2205E60686CD,2025-01-01,2025-03-31,89,0,0.0,23444.455555555556,0.0,0.0,0.0,31.555555555555557,36.0,1.7708197167232138,0.0,0.0,0.0,0.0,0,0.24383561643835616,4.499809670330265,0.0
2205E60686CF,2025-01-01,2025-03-31,89,0,0.0,17457.422222222223,0.0,0.0,0.0,42.0,44.0,0.5962847939999906,0.0,0.0,0.0,0.0,0,0.24383561643835616,4.499809670330265,0.0
2205E60686D1,2025-01-01,2025-03-31,89,0,0.0,21901.444444444445,0.0,2.0,0.0,39.1,41.0,0.6999999999998441,0.0,0.0,0.0,0.0,1,0.24383561643835616,4.499809670330265,10.0
2205E60686D3,2025-01-01,2025-03-31,89,0,0.0,17496.21111111111,0.0,0.0,0.0,39.077777777777776,40.0,0.7487438039482749,0.0,0.0,0.0,0.0,0,0.24383561643835616,4.499809670330265,0.0
2205E60686D4,2025-01-01,2025-03-31,89,0,0.0,15208.677777777777,0.0,0.0,0.0,37.03333333333333,39.0,1.251221625274934,0.0,0.0,0.0,0.0,0,0.24383561643835616,4.499809670330265,0.0
2205E60686D5,2025-01-01,2025-03-31,89,0,0.0,17544.38888888889,0.0,0.0,0.0,37.65555555555556,41.0,1.499341419209728,0.0,0.0,0.0,0.0,0,0.24383561643835616,4.499809670330265,0.0
2205E60686D7,2025-01-01,2025-03-31,89,0,0.0,18227.044444444444,0.0,0.0,0.0,41.28888888888889,43.0,0.5820355934980487,0.0,0.0,0.0,0.0,0,0.24383561643835616,4.499809670330265,0.0
2205E60686D9,2025-01-01,2025-03-31,89,0,0.0,22378.744444444445,0.0,1.0,0.0,39.0,41.0,0.699205898780054,0.0,0.0,0.0,0.0,1,0.24383561643835616,4.499809670330265,5.0
2205E60686DA,2025-01-01,2025-03-31,89,0,0.0,23343.1,0.0,0.0,0.0,39.17777777777778,41.0,0.5691665988829866,0.0,0.0,0.0,0.0,0,0.24383561643835616,4.499809670330265,0.0
2205E60686DF,2025-01-01,2025-03-31,89,0,0.0,23338.922222222223,0.0,0.0,0.0,39.21111111111111,41.0,0.722564021684063,0.0,0.0,0.0,0.0,0,0.24383561643835616,4.499809670330265,0.0
2206E608AE7E,2025-01-01,2025-03-31,89,0,0.0,22246.977777777778,0.0,0.0,0.0,38.1,40.0,0.6839428176226836,0.0,0.0,0.0,0.0,0,0.24383561643835616,4.499809670330265,0.0
2206E608AE81,2025-01-01,2025-03-31,89,0,0.0,15177.244444444445,0.0,0.0,0.0,37.355555555555554,40.0,0.6718318425703298,0.0,0.0,0.0,0.0,0,0.24383561643835616,4.499809670330265,0.0
2206E608AE86,2025-01-01,2025-03-31,89,0,0.0,21774.588888888888,0.0,0.0,0.0,40.78888888888889,42.0,0.4829180847131474,0.0,0.0,0.0,0.0,0,0.24383561643835616,4.499809670330265,0.0
2206E608DBB8,2025-01-01,2025-03-31,89,0,0.0,21861.21111111111,0.0,1.0,0.0,40.955555555555556,42.0,0.697791931915877,0.0,0.0,0.0,0.0,1,0.24383561643835616,4.499809670330265,5.0
2206E608DBBB,2025-01-01,2025-03-31,89,0,0.0,19584.733333333334,0.0,1.0,0.0,37.144444444444446,40.0,0.6759538299668988,0.0,0.0,0.0,0.0,1,0.24383561643835616,4.499809670330265,5.0
2206E608DBC0,2025-01-01,2025-03-31,89,0,0.0,21913.722222222223,0.0,1.0,0.0,40.53333333333333,42.0,0.6531972647422318,0.0,0.0,0.0,0.0,1,0.24383561643835616,4.499809670330265,5.0
2206E608DC97,2025-01-01,2025-03-31,89,0,0.0,19674.966666666667,0.0,0.0,0.0,40.51111111111111,42.0,0.653952843091599,0.0,0.0,0.0,0.0,0,0.24383561643835616,4.499809670330265,0.0
2206E608DC99,2025-01-01,2025-03-31,89,0,0.0,19739.155555555557,0.0,1.0,0.0,39.2,41.0,0.5999999999997272,0.0,0.0,0.0,0.0,1,0.24383561643835616,4.499809670330265,5.0
2206E608DC9E,2025-01-01,2025-03-31,89,0,0.0,19729.722222222223,0.0,1.0,0.0,41.67777777777778,43.0,0.49052755677002385,0.0,0.0,0.0,0.0,1,0.24383561643835616,4.499809670330265,5.0
2206E608DCA1,2025-01-01,2025-03-31,89,0,0.0,21896.3,0.0,0.0,0.0,39.68888888888889,41.0,0.6773222512945696,0.0,0.0,0.0,0.0,0,0.24383561643835616,4.499809670330265,0.0
2206E608DCA4,2025-01-01,2025-03-31,89,0,0.0,22308.977777777778,0.0,0.0,0.0,36.86666666666667,39.0,1.257864150940911,0.0,0.0,0.0,0.0,0,0.24383561643835616,4.499809670330265,0.0
2206E608DCFC,2025-01-01,2025-03-31,89,0,0.0,16160.966666666667,0.0,0.0,0.0,40.34444444444444,42.0,0.8186860897685468,0.0,0.0,0.0,0.0,0,0.24383561643835616,4.499809670330265,0.0
2206E608DCFD,2025-01-01,2025-03-31,89,0,0.0,19828.522222222222,0.0,1.0,0.0,39.03333333333333,41.0,0.6046119049074616,0.0,0.0,0.0,0.0,1,0.24383561643835616,4.499809670330265,5.0
2206E608DCFE,2025-01-01,2025-03-31,89,0,0.0,23390.233333333334,0.0,0.0,0.0,35.266666666666666,37.0,0.6463573143222937,0.0,0.0,0.0,0.0,0,0.24383561643835616,4.499809670330265,0.0
2206E608DD00,2025-01-01,2025-03-31,89,0,0.0,19751.866666666665,0.0,0.0,0.0,39.46666666666667,41.0,1.0456258094238342,0.0,0.0,0.0,0.0,0,0.24383561643835616,4.499809670330265,0.0
2206E608DD03,2025-01-01,2025-03-31,89,0,0.0,15173.211111111112,0.0,0.0,0.0,38.24444444444445,40.0,0.8473633762193575,0.0,0.0,0.0,0.0,0,0.24383561643835616,4.499809670330265,0.0
2206E608DD08,2025-01-01,2025-03-31,89,0,0.0,19768.277777777777,0.0,1.0,0.0,41.51111111111111,43.0,0.5216308708577286,0.0,0.0,0.0,0.0,1,0.24383561643835616,4.499809670330265,5.0
2206E608DD09,2025-01-01,2025-03-31,89,0,0.0,21894.444444444445,0.0,0.0,0.0,40.3,41.0,0.5044248650143484,0.0,0.0,0.0,0.0,0,0.24383561643835616,4.499809670330265,0.0
2206E608DD0B,2025-01-01,2025-03-31,89,0,0.0,19861.544444444444,0.0,0.0,0.0,40.1,42.0,0.8034647195461337,0.0,0.0,0.0,0.0,0,0.24383561643835616,4.499809670330265,0.0
2206E608DD0D,2025-01-01,2025-03-31,89,0,0.0,18214.855555555554,0.0,0.0,0.0,38.43333333333333,40.0,0.5783117190967781,0.0,0.0,0.0,0.0,0,0.24383561643835616,4.499809670330265,0.0
2206E608DD49,2025-01-01,2025-03-31,89,0,0.0,19766.6,0.0,0.0,0.0,43.577777777777776,46.0,0.6662961933585879,0.0,0.0,0.0,0.0,0,0.24383561643835616,4.499809670330265,0.0
2407E896B5D0,2025-01-12,2025-03-31,78,0,0.0,932.1772151898734,0.0,0.0,0.0,36.58227848101266,38.0,0.7892889756009587,0.0,0.0,0.0,0.0,0,0.2136986301369863,4.3694478524670215,0.0
2407E896B5C9,2025-01-16,2025-03-31,74,0,0.0,913.9333333333333,0.0,0.0,0.0,26.186666666666667,40.0,1.605767383181311,0.0,0.0,0.0,0.0,0,0.20273972602739726,4.31748811353631,0.0
2417E8AABF48,2025-01-19,2025-03-31,71,0,0.0,844.1388888888889,0.0,0.0,0.0,30.194444444444443,33.0,0.6376800157360807,0.0,0.0,0.0,0.0,0,0.19452054794520549,4.276666119016055,0.0
2407E896B5B4,2025-01-22,2025-03-31,68,0,0.0,816.536231884058,0.0,0.0,0.0,25.028985507246375,26.0,0.23902061597803884,0.0,0.0,0.0,0.0,0,0.1863013698630137,4.23410650459726,0.0
2407E896B6D1,2025-01-23,2025-03-31,67,0,0.0,802.8529411764706,0.0,0.0,0.0,37.85294117647059,40.0,0.8271977123780314,0.0,0.0,0.0,0.0,0,0.18356164383561643,4.219507705176107,0.0
2402E88D6D65,2025-02-02,2025-03-31,57,0,0.0,670.8103448275862,0.0,0.0,0.0,31.17241379310345,35.0,0.7459761259580306,0.0,0.0,0.0,0.0,0,0.15616438356164383,4.060443010546419,0.0
2417E8AABD35,2025-02-08,2025-03-31,51,0,0.0,631.9230769230769,0.0,0.0,0.0,26.576923076923077,29.0,0.8167984839075269,0.0,0.0,0.0,0.0,0,0.13972602739726028,3.9512437185814275,0.0
2417E8AABF4B,2025-02-12,2025-03-31,47,0,0.0,565.0416666666666,0.0,0.0,0.0,39.125,40.0,1.012937148428639,0.0,0.0,0.0,0.0,0,0.12876712328767123,3.871201010907891,0.0
2340E87BA1F2,2025-02-16,2025-03-31,43,0,0.0,512.0454545454545,0.0,0.0,0.0,38.81818181818182,39.0,0.4895604370120261,0.0,0.0,0.0,0.0,0,0.1178082191780822,3.784189633918261,0.0
2417E8AABF50,2025-02-21,2025-03-31,38,0,0.0,457.4871794871795,0.0,0.0,0.0,39.76923076923077,41.0,1.0490908997681787,0.0,0.0,0.0,0.0,0,0.10410958904109589,3.6635616461296463,0.0
2340E87B97E8,2025-03-05,2025-03-31,26,0,0.0,311.7037037037037,0.0,0.0,0.0,26.0,26.0,0.0,0.0,0.0,0.0,0.0,0,0.07123287671232877,3.295836866004329,0.0
2417E8AABD21,2025-03-17,2025-03-31,14,0,0.0,184.4,0.0,0.0,0.0,39.0,40.0,0.36514837167025604,0.0,0.0,0.0,0.0,0,0.038356164383561646,2.70805020110221,0.0
